燃やせないごみ,CD,,しーでぃー・ＣＤ
燃やせないごみ,CDケース,,しーでぃーけーす・ＣＤケース
燃やせないごみ,CDプレーヤー,,しーでぃーぷれーやー・ＣＤプレーヤー
燃やせないごみ,DVD（ケースを含む）,,でぃーぶいでぃー（けーすをふくむ）・ＤＶＤ・DVDケース・dvd・ｄｖｄ
燃やせないごみ,DVDプレイヤー,ふれあいセンター等に設置してある、小型家電回収BOXでのリサイクルにご協力ください,でぃーぶいでぃーぷれいやー・ＤＶＤプレイヤー・DVDプレーヤー・でぃーぶいでぃーぷれーやー・ＤＶＤプレーヤー・ＤＶＤぷれーやー
市では処理できません,FRP製品,販売店又は製造業者に相談,えふあーるぴーせいひん・FRPせいひん・ＦＲＰ製品
燃やせないごみ,ICレコーダー,ふれあいセンター等に設置してある、小型家電回収BOXでのリサイクルにご協力ください,あいしーれこーだー・ＩＣレコーダー・ボイスレコーダー
燃やせないごみ,IHコンロ（ヒーター）,長さ1m・幅50cm・奥行50cm・重さ10kg以下のもの,あいえいちこんろ（ひーたー）・ＩＨコンロ・電気コンロ・でんきこんろ
燃やせないごみ,LED電球・LED蛍光灯,,えるいーでぃーでんきゅう・けいこうとう・ＬＥＤ・シーリングライト・しーりんぐらいと
市では処理できません,LPガスボンベ(プロパンガス),販売店又は製造業者に相談,えるぴーがすぼんべ(ぷろぱんがす)
燃やせないごみ,MD（ケースを含む）,,えむでぃー（けーすをふくむ）・ＭＤ
燃やせないごみ,MDデッキ,ふれあいセンター等に設置してある、小型家電回収BOXでのリサイクルにご協力ください,えむでぃーでっき・ＭＤでっき
燃やせないごみ,SDカード,ふれあいセンター等に設置してある、小型家電回収BOXでのリサイクルにご協力ください,えすでぃーかーど・SDかーど・ＳＤカード・ＳＤかーど
燃やせないごみ,USBメモリ,ふれあいセンター等に設置してある、小型家電回収BOXでのリサイクルにご協力ください,ゆーえすびーめもり・USBめもり・ＵＳＢメモリ・USBメモリー・ＵＳＢめもりー
燃やせるごみ,アイスキャンデーの棒,,あいすきゃんでぃーのぼう
プラスチック製容器包装,アイスクリーム容器（プラ製）,汚れの落とせないものは「月・水・金の燃やせるごみ」,あいすくりーむのようき（ぷらせい）
紙製容器包装,アイスクリーム容器（紙製）,資源ごみ拠点回収施設にも出せます　https://www.city.ube.yamaguchi.jp/koukyouannai/shisetsu_kurashi/shisetsu_gomi/1009983/index.html　※汚れの落とせないものは「月・水・金の燃やせるごみ」,あいすくりーむのようき（かみせい）
燃やせるごみ,アイスノン(保冷剤）,,あいすのん（ほれいざい）
燃やせるごみ,アイスバッグ,,あいすばっぐ
燃やせないごみ,アイスピック,,あいすぴっく
燃やせないごみ,アイロン,,あいろん
燃やせないごみ,アイロン台,長さ1m・幅50cm・奥行50cm・重さ10kg以下のもの,あいろんだい
燃やせないごみ,アクセサリー（プラ・金属製）,,あくせさりー（きんぞくせい・ぷらせい）
ステーションに出せません,アコーディオンカーテン,リサイクルプラザへ直接搬入するか、市または許可業者に収集を依頼する,あこーでぃおんかーてん
ステーションに出せません,明日,必ずしも全員に明日がやってくるとは限りません。無事に明日が迎えられたなら、そのこと自体に感謝すべきかもしれません。,あした・あす・みょうにち
燃やせないごみ,アタッシュケース,長さ1m・幅50cm・奥行50cm・重さ10kg以下のもの,あたっしゅけーす
燃やせないごみ,アダプター,ふれあいセンター等に設置してある、小型家電回収BOXでのリサイクルにご協力ください,あだぷたー
古紙（雑誌・雑がみ）,厚紙,資源ごみ拠点回収施設にも出せます　https://www.city.ube.yamaguchi.jp/koukyouannai/shisetsu_kurashi/shisetsu_gomi/1009983/index.html,あつがみ
燃やせないごみ,圧力鍋,,あつりょくなべ
燃やせないごみ,雨どい,長さ1m以下に切る,あまどい
ステーションに出せません,ありがとう,こちらこそ。いつもごみの適正排出にご協力いただき、ありがとうございます。,ありがとう
燃やせないごみ,アルバム（プラ製）,写真は「月・水・金の燃やせるごみ」,あるばむ（ぷらせい）
燃やせるごみ,アルバム（紙製）,簡単に外せる金属類は「燃やせないごみ」,あるばむ（かみせい）
燃やせないごみ,アルミシート,,あるみしーと
市では処理できません,アルミホイール（自動車用）,販売店又は製造業者に相談,あるみほいーる（じどうしゃよう）
燃やせるごみ,アルミ箔,ガスコンロマットや換気扇のガードなども含む,あるみはく・アルミホイル・あるみほいる
燃やせるごみ,アルミ箔の食品容器(即席うどんなど）,,あるみはくのしょくひんようき（そくせきうどんなど）
燃やせないごみ,あんか,,あんか
燃やせないごみ,アンテナ(BS・CS・テレビ・無線など),長さ1m・幅50cm・奥行き50cm・重さ10kg以下のもの,あんてな(BS・CS・てれび・むせんなど)
燃やせないごみ,アンプ,長さ1m・幅50cm・奥行き50cm・重さ10kg以下のもの,あんぷ
燃やせないごみ,いす（プラ・金属製）,長さ1m・幅50cm・奥行き50cm・重さ10kg以下のもの,いす（ぷら・きんぞくせい）・椅子
燃やせるごみ,いす（木製）,解体し、束ねる　※長さ1m・直径50cm・重さ10ｋｇ以下の束で一度に2束（袋）まで,いす（もくせい）・椅子
びん・缶,一升瓶,ふたを外し、すすいで出す,いっしょうびん
燃やせないごみ,イヤホン,ふれあいセンター等に設置してある、小型家電回収BOXでのリサイクルにご協力ください,いやほん・イヤフォン・いやふぉん
燃やせないごみ,インクカートリッジ（プリンター用）,プラマーク付きで汚れの落とせないものは「月・水・金の燃やせるごみ」　※電気店などの店頭回収にご協力ください,いんくかーとりっじ（ぷりんたーよう）
月1回収集の燃やせるごみ,インクリボン（ワープロ用など）,燃やせないごみとして破砕処理をすると、テープが巻きつき破砕機が故障するため,いんくりぼん（わーぷろよう）
プラスチック製容器包装,インスタント食品の袋・箱（プラ製),汚れの落とせないものは「月・水・金の燃やせるごみ」,いんすたんとしょくひんのふくろ・はこ（ぷらせい）
紙製容器包装,インスタント食品の袋・箱（紙製）,資源ごみ拠点回収施設にも出せます　https://www.city.ube.yamaguchi.jp/koukyouannai/shisetsu_kurashi/shisetsu_gomi/1009983/index.html　※汚れの落とせないものは「月・水・金の燃やせるごみ」,いんすたんとしょくひんのふくろ・はこ（かみせい）
燃やせないごみ,インターホン,,いんたーほん・インターフォン・いんたーふぉん
月1回収集の燃やせるごみ,ウエットスーツ,,うえっとすーつ（れじゃーよう）・ウェットスーツ・うぇっとすーつ
燃やせるごみ,ウエットティッシュ,,うえっとてぃっしゅ・ウェットティッシュ・うぇっとてぃっしゅ
ペットボトル,ウォーターサーバーのタンク,PETマークのないものは「燃やせないごみ」　※キャップと簡単にはがせるラベルは「プラスチック製容器包装」　※のり付けされたシールや取っ手はそのままでよい,うぉーたーさーばーのたんく
燃やせないごみ,ウォッシュレット(交換式の便座),長さ1m・幅50cm・奥行50cm・重さ10kg以下のもの,うぉっしゅれっと(こうかんしきのべんざ)・ウォシュレット・うぉしゅれっと
燃やせないごみ,うちわ（プラ製）,竹製は「月・水・金の燃やせるごみ」,うちわ（ぷらせい）
燃やせないごみ,腕時計・スマートウォッチ,ふれあいセンター等に設置してある、小型家電回収BOXでのリサイクルにご協力ください,うでどけい・すまーとうぉっち・アップルウォッチ・あっぷるうぉっち
月1回収集の燃やせるごみ,上靴・上履き,,うわぐつ・上ぐつ・うわばき・体育館シューズ・たいいくかんしゅーず
プラスチック製容器包装,エアーキャップ・プチプチシート,　,えあーきゃっぷ・ぷちぷちしーと・エアキャップ・えあきゃっぷ
家電リサイクル法対象品,エアコン,買い替え時に各小売店に引き取ってもらうか市のリサイクルプラザまたはメーカー指定引取場所（山口市等）へ直接搬入（有料）してください　※必ずリサイクル料金が必要です　※詳しくは、家電リサイクル法をご覧ください　http://www.city.ube.yamaguchi.jp/kurashi/gomi/dashikata/kaden_recycle.html,えあこん・クーラー・くーらー
びん・缶,エアゾール式消火器(スプレー),中身を使い切り、風通しの良い屋外で必ず穴をあけて出す,えあぞーるしきしょうかき(すぷれー)
燃やせないごみ,映像機器・音響機器,長さ1m・幅50cm・奥行50cm・重さ10kg以下のもの,えいぞうきき・おんきょうきき
月1回収集の燃やせるごみ,エプロン,ふれあいセンター等に設置してある、古着・古布BOXでのリサイクルにご協力ください,えぷろん
燃やせないごみ,エレキギター,,えれきぎたー
ステーションに出せません,エレクトーン,リサイクルプラザへ直接搬入するか、市または許可業者に収集を依頼する,えれくとーん
燃やせるごみ,エンジンオイル,市販の処理容器を使用するか、布や紙に染み込ませる,えんじんおいる
燃やせないごみ,エンジンオイルの缶,中身は使い切る又は取り除く,えんじんおいるのかん
燃やせるごみ,オアシス（フラワーアレンジメント用の吸水樹脂）,,おあしす（ふらわーあれんじめんとようのきゅうすいじゅし）
ステーションに出せません,オイルヒーター,リサイクルプラザへ直接搬入するか、市または許可業者に収集を依頼する,おいるひーたー（かていよう）
燃やせないごみ,オイルライター,,おいるらいたー・zippo・Zippo・ジッポー
ステーションに出せません,応接用いす,リサイクルプラザへ直接搬入するか、市または許可業者に収集を依頼する,おうせつよういす
燃やせないごみ,オーディオプレーヤー,ふれあいセンター等に設置してある、小型家電回収BOXでのリサイクルにご協力ください,おーとばい
市では処理できません,オートバイ,不用になったバイクの廃棄については、(公財)自動車リサイクル促進センターのホームページから対象車両検索を行い、手順に沿って指定取引場所または廃棄二輪車取扱店に直接搬入してください　https://www.jarc.or.jp,おーとばい
プラスチック製容器包装,オードブル容器（プラ製で商品が入っていたもの）,汚れの落とせないものは「月・水・金の燃やせるごみ」,おーどぶるのようき（ぷらせいでしょうひんがはいっていたもの）
燃やせないごみ,オーブントースター,,おーぶんとーすたー
燃やせないごみ,オーブンレンジ,長さ1m・幅50cm・奥行50cm・重さ10kg以下のもの,おーぶんれんじ
燃やせないごみ,おけ（プラ製）,,おけ（ぷらせい）・桶
燃やせるごみ,おけ（木製）,,おけ（もくせい）・桶
燃やせないごみ,おたま(プラ・金属製),,おたま・お玉
燃やせるごみ,おたま(木製),,おたま・お玉
ステーションに出せません,夫・旦那,残念ながらお答えできません。ご自身でご判断ください。,おっと・だんな
月1回収集の燃やせるごみ,帯,,おび
燃やせないごみ,お風呂マット,長さ1m・幅50cm・奥行き50cm・重さ10kg以下のもの,おふろまっと
燃やせないごみ,おまる,洗って出す　※きれいなものは、市役所や福祉会館等に設置している回収ボックスもご利用いただけます　https://www.city.ube.yamaguchi.jp/kurashi/gomi/genryou_recycle/1002098/1014050/index.html,おまる
燃やせるごみ,オムツ,汚物はトイレに流す,おむつ・ムーニーマン・パンパース・紙おむつ・紙オムツ
燃やせないごみ,おもちゃ（ビニール・プラ・金属製）,,おもちゃるい（びにーる・ぷらすちっく・きんぞくせい）
燃やせるごみ,おもちゃ（木製・紙製）,木製は解体し、長さ1m・直径50cm以下の束にする,おもちゃるい（もくせい・かみせい）・木のおもちゃ・きのおもちゃ
燃やせないごみ,折り畳み傘,,おりたたみかさ
ステーションに出せません,オルガン,リサイクルプラザへ直接搬入するか、市または許可業者に収集を依頼する,おるがん
燃やせないごみ,オルゴール,,おるごーる
プラスチック製容器包装,お菓子の袋（プラ製）,汚れの落とせないものは「月・水・金の燃やせるごみ」,おかしのふくろ（ぷらせい）
紙製容器包装,お菓子の箱（紙製）,資源ごみ拠点回収施設にも出せます　https://www.city.ube.yamaguchi.jp/koukyouannai/shisetsu_kurashi/shisetsu_gomi/1009983/index.html　※汚れの落とせないものは「月・水・金の燃やせるごみ」,おかしのはこ（かみせい）
燃やせないごみ,お盆（プラ・金属製）,,おぼん（ぷら・きんぞくせい）
燃やせるごみ,お盆（木製）,,おぼん（もくせい）
燃やせるごみ,ガーゼ,,がーぜ
月1回収集の燃やせるごみ,カーテン,金具、フックは「燃やせないごみ」,かーてん
燃やせないごみ,カーテンレール,長さ1m以下に切る,かーてんれーる
燃やせないごみ,カーナビ・カーステレオ・カーオーディオ,ふれあいセンター等に設置してある、小型家電回収BOXでのリサイクルにご協力ください,かーなび・かーすてれお・かーおーでぃお
月1回収集の燃やせるごみ,カーペット,長さ1m・直径50cm以下に丸め、ひもでしばる,かーぺっと
燃やせるごみ,カーボン紙・ノンカーボン紙,リサイクルに適さないため,かーぼんし・のんかーぼんし
燃やせないごみ,カーラー,,かーらー
燃やせないごみ,カイロ,使用済みに限る,かいろ
燃やせないごみ,カギ,,かぎ・鍵
ステーションに出せません,学習机(金属製）,リサイクルプラザへ直接搬入するか、市または許可業者に収集を依頼する,がくしゅうつくえ（きんぞくせい）
ステーションに出せません,学習机（木製）,市の焼却場へ直接搬入するか、市または許可業者に収集を依頼する,がくしゅうつくえ（もくせい）
月1回収集の燃やせるごみ,学生服,きれいなものは、市役所や福祉会館等に設置している回収ボックスもご利用いただけます　https://www.city.ube.yamaguchi.jp/kurashi/gomi/genryou_recycle/1002098/1014050/index.html,がくせいふく
ステーションに出せません,過去,捨てたい過去も残したい過去もあると思います。うまく整理して付き合っていきましょう。,かこ
燃やせるごみ,かさ（木製の和傘）,,かさ（もくせいのわがさ）・傘
燃やせないごみ,かさ（木製以外）,布、ビニールは、取らなくてよい,かさ（もくせいいがい）・傘
燃やせないごみ,ガスコンロ・ガスレンジ,電池は抜いて出す　※長さ1m・幅50cm・奥行き50cm・重さ10kg以下のもの,がすこんろ・がすれんじ
市では処理できません,ガスボンベ（LPガス・風船用等）,販売店又は製造業者に相談,がすぼんべ（えるぴーがす・ふうせんようとう）
燃やせないごみ,カセットコンロ(卓上コンロ),,かせっとこんろ(たくじょうこんろ)
月1回収集の燃やせるごみ,カセットテープ,ケースも一緒でよい,かせっとてーぷ
燃やせないごみ,カセットデッキ,,かせっとでっき
びん・缶,カセットボンベ（卓上コンロ・携帯用）,中身を使い切り、風通しの良い屋外で、必ず穴をあけて出す,かせっとぼんべ（たくじょうこんろ・けいたいよう）・ガスボンベ
古紙（雑誌・雑がみ）,カタログ,資源ごみ拠点回収施設にも出せます　https://www.city.ube.yamaguchi.jp/koukyouannai/shisetsu_kurashi/shisetsu_gomi/1009983/index.html,かたろぐ
プラスチック製容器包装,ガチャガチャの容器,,がちゃがちゃのようき・カプセル・トイカプセルの容器・といかぷせるのようき
燃やせないごみ,カッターナイフ,危険防止のため、刃は取り外すまたはテープなどで覆う,かったーないふ
月1回収集の燃やせるごみ,カッパ,,かっぱ・合羽
プラスチック製容器包装,カップ麺の容器・ふた（プラスチック製）,汚れの落とせないものは「月・水・金の燃やせるごみ」,かっぷめんのようき（ぷらすちっくせい）・カップラーメン
紙製容器包装,カップ麺の容器・ふた（紙製）,資源ごみ拠点回収施設にも出せます　https://www.city.ube.yamaguchi.jp/koukyouannai/shisetsu_kurashi/shisetsu_gomi/1009983/index.html　※汚れの落とせないものは「月・水・金の燃やせるごみ」,かっぷめんのようき（かみせい）・カップラーメン
燃やせるごみ,かつら,,かつら
燃やせるごみ,カテーテル(チューブ),在宅医療で使用したもの　※針・血液の付着したものは受け取った医療機関・薬局に返却する,かてーてる(ちゅーぶ)
燃やせないごみ,かなづち,,かなづち
ステーションに出せません,加熱式たばこ・電子たばこ,各ふれあいセンター等に設置してある黄色いリサイクルBOXへ,かねつしきたばこ・でんしたばこ・アイコス・IQOS・加熱式タバコ・電子タバコ・グロー・glo・プルームテック・Ploom TECH
ステーションに出せません,彼女,残念ながらお答えできません。ご自身でご判断ください。,かのじょ
燃やせないごみ,かばん（キャリーバッグなどプラ・金属製のもの）,,かばん（きゃりーばっぐなどぷら・きんぞくせいのもの）・鞄・キャリーケース・きゃりーけーす
月1回収集の燃やせるごみ,かばん（バック、ランドセルなど布・革製のもの）,,かばん（ばっぐ、らんどせるなどぬの・かわせいのもの）・鞄・リュックサック・りゅっくさっく・ナップザック・なっぷざっく
燃やせるごみ,髪,理容室や美容室から出るものは、事業系一般廃棄物,かみ
燃やせないごみ,カミソリ,危険防止のため、刃の部分をテープで覆う,かみそり・剃刀
燃やせるごみ,ガムテープ,,がむてーぷ
燃やせないごみ,カメラ,ふれあいセンター等に設置してある、小型家電回収BOXでのリサイクルにご協力ください,かめら
燃やせないごみ,カラーボックス（プラスチック製）,長さ1m・幅50cm・奥行き50cm・重さ10kg以下のもの,からーぼっくす（ぷらすちっくせい）
燃やせるごみ,カラーボックス（木製）,解体し、束ねる　※長さ1m・直径50cm・重さ10kg以下の束で一度に2束（袋）まで,からーぼっくす（もくせい）
燃やせないごみ,カラオケ機器（家庭用）,長さ1m・幅50cm・奥行き50cm・重さ10kg以下のもの,からおけきき（かていよう）
燃やせないごみ,ガラス食器・ガラスの破片,割れたものは、危険防止のため缶等に入れて出す,がらすしょっき・がらすのはへん
ステーションに出せません,がれき,東見初埋立地へ直接搬入するか、市または許可業者に収集を依頼する,がれき・瓦礫
ステーションに出せません,彼氏,残念ながらお答えできません。ご自身でご判断ください。,かれし
古紙（雑誌・雑がみ）,カレンダー,金属部分は取り外して「燃やせないごみ」,かれんだー
ステーションに出せません,かわら,東見初埋立地へ直接搬入するか、市または許可業者に収集を依頼する,かわら・瓦
燃やせないごみ,缶切り,,かんきり
燃やせるごみ,感光紙・感熱紙,リサイクルに適さないため,かんこうし・かんねつし
燃やせるごみ,緩衝材（紙製）,,かんしょうざい（かみせい）
プラスチック製容器包装,緩衝材（プラ・発泡スチロール製）,,かんしょうざい（ぷら・はっぽうすちろーるせい）
びん・缶,缶詰め,中をすすいで出す　※長辺が20cmを超えるものは「燃やせないごみ」,かんづめ
燃やせないごみ,かんな,,かんな
燃やせないごみ,缶のふた(金属製),,かんのふた(きんぞくせい)・缶の蓋
プラスチック製容器包装,缶のふた(プラスチック製),,かんのふた(ぷらすちっくせい)・缶の蓋
燃やせないごみ,缶バッジ,,かんばっじ・缶バッチ
燃やせるごみ,木・枝,長さ1m・直径50cm以下の束で、2束(袋)まで　※幹の太さは直径10cm以下に限る,き・えだ
燃やせないごみ,キーボード,長さ1m・幅50cm・奥行50cm・重さ10kg以下のもの,きーぼーど
燃やせないごみ,キーホルダー,,きーほるだー
燃やせるごみ,機械油,市販の処理容器を使用するか、布や紙に染み込ませる,きかいあぶら
燃やせるごみ,ギター(木製),,ぎたー(もくせい)
燃やせるごみ,キッチンガード（アルミ箔）,,きっちんがーど（あるみはく）
燃やせるごみ,キッチンペーパー,,きっちんぺーぱー
燃やせるごみ,切符・チケット,リサイクルに適さないため,きっぷ・ちけっと
燃やせるごみ,木の板,長さ1m・幅50cm以下のもの,きのいた
燃やせるごみ,木箱,直径10cm・長さ1m以下に解体する　※束ねて出す場合は、直径50cm以下で、2束(袋)まで,きばこ
ステーションに出せません,希望,持っていて邪魔になるものではありません。捨てずに持っておくのも悪くないと思います。,きぼう
燃やせないごみ,キャッシュカード,プライバシー保護のため切断して出す,きゃっしゅかーど
プラスチック製容器包装,キャップ（プラスチック製）,,きゃっぷ（ぷらすちっくせい）
燃やせないごみ,キャップ（金属製）,,きゃっぷ（きんぞくせい）
ステーションに出せません,キャビネット,リサイクルプラザへ直接搬入するか、市または許可業者に収集を依頼する,きゃびねっと
燃やせないごみ,きゅうす,,きゅうす
燃やせないごみ,吸入器(喘息用),,きゅうにゅうき(ぜんそくよう)
燃やせないごみ,クーラーボックス,長さ1m・幅50cm・奥行き50cm・重さ10kg以下のもの,くーらぼっくす
燃やせないごみ,くし（プラ・金属製）,木製は「月・水・金の燃やせるごみ」,くし（ぷら・きんぞくせい）
月1回収集の燃やせるごみ,クッション,,くっしょん
燃やせないごみ,グラス,割れたものは、危険防止のため缶等に入れて出す,ぐらす
燃やせないごみ,クリアファイル,,くりあふぁいる
燃やせないごみ,クリアホルダー,,くりあほるだー・クリアケース・くりあけーす
燃やせないごみ,クリーニングの袋,,くりーにんぐのふくろ
燃やせないごみ,クリップ,,くりっぷ
燃やせないごみ,グルーガン(ホットガン),,ぐるーがん(ほっとがん)
ステーションに出せません,車いす（電動式でないもの）,リサイクルプラザへ直接搬入するか、市または許可業者に収集を依頼する,くるまいす（でんどうしきでないもの）・車イス・車椅子
燃やせないごみ,クレジットカード,プライバシー保護のため切断して出す,くれじっとかーど
燃やせるごみ,クレヨン,,くれよん・クレパス
月1回収集の燃やせるごみ,グローブ・ミット,,ぐろーぶ・みっと
燃やせないごみ,グローランプ・点灯管,,ぐろーらんぷ・てんとうかん
月1回収集の燃やせるごみ,クロックス,,くろっくす・crocs・CROCS
燃やせないごみ,携行缶,空にして出す,けいこうかん
燃やせないごみ,珪藻土コースター,石綿（アスベスト）含有の可能性があることが判明した製品は、販売者が回収します　※詳細は厚生労働省ホームページをご確認ください　https://www.mhlw.go.jp/stf/seisakunitsuite/bunya/koyou_roudou/roudoukijun/sekimen/other/pamph/index_00003.html,けいそうどこーすたー
燃やせないごみ,珪藻土トレー,石綿（アスベスト）含有の可能性があることが判明した製品は、販売者が回収します　※詳細は厚生労働省ホームページをご確認ください　https://www.mhlw.go.jp/stf/seisakunitsuite/bunya/koyou_roudou/roudoukijun/sekimen/other/pamph/index_00003.html,けいそうどとれー
燃やせないごみ,珪藻土バスマット,石綿（アスベスト）含有の可能性があることが判明した製品は、販売者が回収します　※詳細は厚生労働省ホームページをご確認ください　https://www.mhlw.go.jp/stf/seisakunitsuite/bunya/koyou_roudou/roudoukijun/sekimen/other/pamph/index_00003.html,けいそうどばすまっと・珪藻土マット・けいそうどまっと
燃やせないごみ,ケーブル,束ねてひもでしばる,けーぶる
燃やせないごみ,ゲーム機,ふれあいセンター等に設置してある、小型家電回収BOXでのリサイクルにご協力ください,げーむき・ニンテンドースイッチ・にんてんどーすいっち・プレイステーション・ぷれいすてーしょん・プレステ・ぷれすて・スーパーファミコン・すーぱーふぁみこん・ゲームボーイ・げーむぼーい
燃やせないごみ,ゲームソフト,,げーむそふと・ゲームカセット
燃やせるごみ,ケチャップのチューブ,完全に汚れが除去できるものは「プラスチック製容器包装」,けちゃっぷのちゅーぶ
燃やせないごみ,結束バンド,,けっそくばんど
市では処理できません,原動機付自転車,不用になったバイクの廃棄については、(公財)自動車リサイクル促進センターのホームページから対象車両検索を行い、手順に沿って指定取引場所または廃棄二輪車取扱店に直接搬入してください　https://www.jarc.or.jp,げんどうきつきじてんしゃ・原付バイク・げんつきばいく
燃やせないごみ,鍵盤ハーモニカ,きれいなものは、市役所や福祉会館等に設置している回収ボックスもご利用いただけます　https://www.city.ube.yamaguchi.jp/kurashi/gomi/genryou_recycle/1002098/1014050/index.html,けんばんはーもにか
燃やせないごみ,リコーダー,きれいなものは、市役所や福祉会館等に設置している回収ボックスもご利用いただけます　https://www.city.ube.yamaguchi.jp/kurashi/gomi/genryou_recycle/1002098/1014050/index.html,りこーだー・たてぶえ・たて笛
燃やせないごみ,彫刻刀,きれいなものは、市役所や福祉会館等に設置している回収ボックスもご利用いただけます　https://www.city.ube.yamaguchi.jp/kurashi/gomi/genryou_recycle/1002098/1014050/index.html,ちょうこくとう
ステーションに出せません,恋人,残念ながらお答えできません。ご自身でご判断ください。,こいびと
危険ごみ,コイン電池※記号CR・BR,,こいんでんち
びん・缶,香水の容器（びん）,中身は使い切る又は取り除く,こうすいのようき（びん）
プラスチック製容器包装,香水の容器（プラ製）,中身は使い切る又は取り除く,こうすいのようき（ぷらせい）
古紙（新聞）,広報紙,資源ごみ拠点回収施設にも出せます　https://www.city.ube.yamaguchi.jp/koukyouannai/shisetsu_kurashi/shisetsu_gomi/1009983/index.html,こうほうし
燃やせないごみ,ゴーグル,,ごーぐる
燃やせないごみ,コード,束ねてひもでしばる,こーど
燃やせないごみ,コーヒーメーカー,,こーひーめーかー
月1回収集の燃やせるごみ,ござ,長さ1m・直径50cm以下に丸め、ひもでしばる　※ビニール製は「燃やせないごみ」,ござ
ステーションに出せません,こたつ・こたつ板,市の処理施設へ直接搬入するか、市または許可業者に収集を依頼する,こたつ・こたついた・コタツ・炬燵
燃やせないごみ,コップ（ガラス製・陶磁器製・金属製・プラ製）,割れたものは、危険防止のため缶等に入れて出す,こっぷ（がらすせい・とうじきせい・ぷらせい）
燃やせないごみ,コピー機（家庭用）,割れたものは、危険防止のため缶等に入れて出す,こぴーき（かていよう）
古紙（雑誌・雑がみ）,コピー用紙,資源ごみ拠点回収施設にも出せます　https://www.city.ube.yamaguchi.jp/koukyouannai/shisetsu_kurashi/shisetsu_gomi/1009983/index.html,こぴーようし
燃やせないごみ,ごみ箱,,ごみばこ・ゴミ箱
燃やせるごみ,ゴムバンド（輪ゴム）,,ごむばんど（わごむ）
燃やせないごみ,ゴムマット,丸めてひもでしばる,ごむまっと
月1回収集の燃やせるごみ,ゴム手袋,汚れたものは「月・水・金の燃やせるごみ」,ごむてぶくろ
燃やせるごみ,コルクボード,,こるくぼーど
燃やせるごみ,コルク栓,,こるくせん
燃やせないごみ,ゴルフクラブ,,ごるふくらぶ
月1回収集の燃やせるごみ,ゴルフシューズ,金属製のスパイク部分は、取り外して「燃やせないごみ」,ごるふしゅーず・スパイク・すぱいく
燃やせないごみ,ゴルフネット,長さ1m×50cm程度に切り、束ねてひもでしばる,ごるふねっと
燃やせないごみ,ゴルフバッグ,,ごるふばっぐ
月1回収集の燃やせるごみ,ゴルフボール,,ごるふぼーる
ステーションに出せません,コンクリートブロック,東見初埋め立て地へ直接搬入するか、市または許可業者に収集を依頼する,こんくりーとぶろっく
燃やせないごみ,コンセント,,こんせんと
燃やせるごみ,コンタクトレンズ,,こんたくとれんず
燃やせないごみ,コンパクト（鏡付おしろい容器）,,こんぱくと（かがみつきおしろいようき）
燃やせないごみ,コンパス,,こんぱす
燃やせないごみ,コンポ,長さ1m・幅50cm・奥行き50cm・重さ10kg以下のもの,こんぽ
燃やせないごみ,コンロ,電池は抜いて出す,こんろ
ステーションに出せません,サーフボード,リサイクルプラザへ直接搬入するか、市または許可業者に収集を依頼する,さーふぼーど
ステーションに出せません,サイクリングマシン,リサイクルプラザへ直接搬入するか、市または許可業者に収集を依頼する,さいくりんぐましん
ステーションに出せません,サイドボード,リサイクルプラザへ直接搬入するか、市または許可業者に収集を依頼する,さいどぼーど
燃やせないごみ,サイリウム,,さいりうむ
燃やせないごみ,サインペン,,さいんぺん
びん・缶,酒のびん・ワンカップ,ふた、栓を外す　※外したふた、割れたびんは「燃やせないごみ」,さけのびん・わんかっぷ・酒の瓶・酒のビン
ペットボトル,酒のペットボトル,キャップと簡単にはがせるラベルは「プラスチック製容器包装」　※のり付けされたシール、取っ手はそのままでよい　※つぶさずに出す,さけのぺっとぼとる
燃やせないごみ,殺虫剤（燻煙・燻蒸タイプ）,中身は使い切る,さっちゅうざい（くんえん・くんじょうたいぷ）・バルサン
月1回収集の燃やせるごみ,座布団,,ざぶとん
ステーションに出せません,サマーベッド・ボンボンベッド,リサイクルプラザへ直接搬入するか、市または許可業者に収集を依頼する,さまーべっど・ぼんぼんべっど
燃やせるごみ,サラダ油,凝固剤で固めるか、布や紙に染み込ませる　※店頭回収にもご協力ください　https://www.city.ube.yamaguchi.jp/kurashi/gomi/genryou_recycle/1002098/1002104.html,さらだあぶら
燃やせないごみ,ざる（プラ・金属製）,竹製は「月・水・金の燃やせるごみ」,ざる（ぷら・きんぞくせい）
ステーションに出せません,産業廃棄物,宇部健康福祉センター廃棄物対策班（0836-39-9865）までお問い合わせください,さんぎょうはいきぶつ・産廃・さんぱい
燃やせないごみ,サングラス,,さんぐらす
燃やせないごみ,サンシェード（日よけ）,事業所から出るものは、ごみステーションに出せません,さんしぇーど(ひよけ)・日除け・日よけ
月1回収集の燃やせるごみ,サンダル,,さんだる
月1回収集の燃やせるごみ,シーツ,ふれあいセンター等に設置してある、古着・古布BOXでのリサイクルにご協力ください,しーつ・布団カバー・布団かばー・ふとんカバー・ふとんかばー
月1回収集の燃やせるごみ,ジーンズ,,じーんず
燃やせないごみ,歯間ブラシ,,しかんぶらし・糸ようじ・いとようじ
月1回収集の燃やせるごみ,下着,,したぎ
燃やせないごみ,下敷き,,したじき
燃やせないごみ,シニアカー(ハンドル型、スクーター形状を含む),販売店又は製造業者に相談,しにあかー
燃やせないごみ,シャーペン・シャープペンシル,,しゃーぺん・しゃーぷぺんしる
燃やせないごみ,ジャーポット,,じゃーぽっと
燃やせるごみ,しゃもじ（木製）,プラスチック製は「燃やせないごみ」,しゃもじ（もくせい）
プラスチック製容器包装,シャンプー容器（詰め替えパックを含む）,ポンプも一緒に出せます　※汚れの落とせないものは「月・水・金の燃やせるごみ」,しゃんぷーようき（つめかえぱっくをふくむ）・シャンプーボトル
ステーションに出せません,ジャンプスターター,販売店や専門の処理業者へ相談する,じゃんぷすたーたー
燃やせないごみ,ジューサー・ミキサー,,じゅーさー・みきさー
燃やせないごみ,修正テープ,,しゅうせいてーぷ
月1回収集の燃やせるごみ,じゅうたん,長さ1m×50cm以下に丸め、ひもでしばる,じゅうたん・らぐ・ラグ・絨毯
月1回収集の燃やせるごみ,敷きパッド,,しきぱっど・敷きパット・しきぱっと
燃やせないごみ,ジュニアシート,きれいなものは、市役所や福祉会館等に設置している回収ボックスもご利用いただけます　https://www.city.ube.yamaguchi.jp/kurashi/gomi/genryou_recycle/1002098/1014050/index.html,じゅにあしーと
燃やせないごみ,シュレッダー機,長さ1m・幅50cm・奥行き50cm・重さ10kg以下のもの,しゅれっだーき
燃やせるごみ,シュレッダーごみ,事業所から出るものは、ごみステーションに出せません,しゅれっだーごみ
燃やせないごみ,ジョイントマット,,じょいんとまっと
古紙（雑誌・雑がみ）,小冊子,資源ごみ拠点回収施設にも出せます　https://www.city.ube.yamaguchi.jp/koukyouannai/shisetsu_kurashi/shisetsu_gomi/1009983/index.html,しょうさっし
ステーションに出せません,小動物の死体（死骸）,お問い合わせください　※収集については廃棄物対策課まで（電話：0836-33-7291）　※持ち込みついてはごみ焼却場まで（電話：0836-31-3664）,しょうどうぶつのしたい（しがい）・鳥・とり・犬・猫・いぬ・ねこ・カラス・からす
燃やせないごみ,じょうろ,,じょうろ
びん・缶,しょう油のびん,中をすすぐ　※割れたびんは「燃やせないごみ」,しょうゆのびん・醤油のびん・しょう油のビン・しょう油の瓶・醤油のビン・醤油の瓶
ペットボトル,しょう油のペットボトル,キャップと簡単にはがせるラベルは「プラスチック製容器包装」　※のり付けされたシール、取っ手はそのままでよい　※つぶさずに出す,しょうゆのぺっとぼとる・醤油のペットボトル
燃やせるごみ,食品乾燥剤,,しょくひんかんそうざい
燃やせないごみ,食品保存袋,汚れたものは「月・水・金の燃やせるごみ」,しょくひんほぞんぶくろ・ジップロック・ziploc
プラスチック製容器包装,食パンの袋の留め具（プラ製）,,しょくぱんのふくろのとめぐ（ぷらせい）・バッグクロージャー
燃やせるごみ,シリカゲル（乾燥剤）,,しりかげる（かんそうざい）
燃やせないごみ,シルバーカー,長さ1m・幅50cm・奥行き50cm・重さ10kg以下のもの,しるばーかー
燃やせないごみ,水中メガネ,,すいちゅうめがね
燃やせないごみ,スイッチングハブ,,すいっちいんぐはぶ
月1回収集の燃やせるごみ,スーツ,,すーつ
プラスチック製容器包装,スーツカバー（ナイロン製）,裏に不織布が付いたものは「月1回収集の燃やせるごみ」,すーつかばー（ないろんせい）
燃やせないごみ,スーツケース（金属製・プラ製）,長さ1m・幅50cm・奥行き50cm・重さ10kg以下のもの,すーつけーす（きんぞくせい・ぷらせい）・キャリーバッグ・キャリーバック
月1回収集の燃やせるごみ,スーツケース（金属製・プラ製以外）,長さ1m・幅50cm・奥行き50cm・重さ10kg以下のもの,すーつけーす（きんぞくせい・ぷらせいいがい）・キャリーバッグ・キャリーバック
燃やせないごみ,スーパーボール,,すーぱーぼーる
月1回収集の燃やせるごみ,スカート,,すかーと
ステーションに出せません,スキー板・ストック,リサイクルプラザへ直接搬入するか、市または許可業者に収集を依頼する　※長さ1m・幅50cm・奥行50cm・重さ10kg以下のものは「燃やせないごみ」,すきーいた・すとっく
月1回収集の燃やせるごみ,スキーウェア,,すきーうぇあ・スキーウエア
燃やせないごみ,スキー靴,,すきーぐつ
市では処理できません,スクーター,不用になったバイクの廃棄については、(公財)自動車リサイクル促進センターのホームページから対象車両検索を行い、手順に沿って指定取引場所または廃棄二輪車取扱店に直接搬入してください　https://www.jarc.or.jp,すくーたー
燃やせないごみ,スケート靴,危険防止のため、刃の部分をテープで覆う,すけーとぐつ
燃やせないごみ,スコップ,,すこっぷ
プラスチック製容器包装,すし容器（プラ製で商品が入っていたもの）,汚れの落とせないものは「月・水・金の燃やせるごみ」,すしようき（ぷらせいでしょうひんがはいったもの）
燃やせないごみ,すずり,,すずり
燃やせないごみ,すだれ（ビニール製）,長さ1m・直径50cm以下に丸め、ひもでしばる,すだれ（びにーるせい）
燃やせるごみ,すだれ（竹製）,長さ1m・直径50cm以下に丸め、ひもでしばる,すだれ（たけせい）
燃やせないごみ,スタンプ台,,すたんぷだい
ステーションに出せません,スチール棚・スチールラック,リサイクルプラザへ直接搬入するか、市または許可業者に収集を依頼する　※長さ1m・幅50cm・奥行50cm・重さ10kg以下のものは「燃やせないごみ」,すちーるたな・すちーるらっく
びん・缶,スチール缶,中をすすいで出す,すちーるかん
燃やせないごみ,ステレオ(オーディオ類),ふれあいセンター等に設置してある、小型家電回収BOXでのリサイクルにご協力ください,すてれお(おーでぃおるい)
燃やせないごみ,ストーブ,残った灯油は必ず抜き、電池は取り除く,すとーぶ
燃やせるごみ,ストーマ袋・導尿バッグ,汚物はトイレに流す,すとーまふくろ・どうにょうばっぐ
月1回収集の燃やせるごみ,ストッキング,,すとっきんぐ
燃やせるごみ,ストロー,,すとろー
月1回収集の燃やせるごみ,スニーカー,,すにーかー
ステーションに出せません,スノーボード,リサイクルプラザへ直接搬入するか、市または許可業者に収集を依頼する　※長さ1m・幅50cm・奥行50cm・重さ10kg以下のものは「燃やせないごみ」,すのーぼーど・スノボの板・スノボーの板
月1回収集の燃やせるごみ,スノーボードのブーツ　,,すのーぼーどのぶーつ
燃やせないごみ,すのこ（プラスチック製・ウレタン製）,長さ1m・幅50cm以下のもの,すのこ（ぷらすちっくせい・うれたんせい）
燃やせるごみ,すのこ（木製）,長さ1m・幅50cm以下のもの,すのこ（もくせい）
燃やせないごみ,スピーカー,ふれあいセンター等に設置してある、小型家電回収BOXでのリサイクルにご協力ください,すぴーかー
燃やせないごみ,スプーン,木製・紙製は「月・水・金の燃やせるごみ」,すぷーん
ステーションに出せません,スプリングマット,リサイクルプラザへ持ち込み,すぷりんぐまっと
びん・缶,スプレー缶,中身を使い切り、風通しの良い屋外で、必ず穴をあけて出す,すぷれーかん
プラスチック製容器包装,スプレー缶のキャップ・ノズル,,すぷれーかんのきゃっぷ・のずる
燃やせるごみ,スポンジ（食器洗い、食品トレー中敷き）,水分をよく切って出す,すぽんじ（しょっきあらい、しょくひんとれーなかじき）・台所用スポンジ・だいどころようすぽんじ・食器用スポンジ・しょっきようすぽんじ
燃やせないごみ,スマートフォン,ふれあいセンター等に設置してある、小型家電回収BOXでのリサイクルにご協力ください,すまーとふぉん・すまほ・スマホ・iphone
月1回収集の燃やせるごみ,スマホケース（革製）,,すまほけーす（かわせい）
燃やせないごみ,スマホケース（プラスチック製、シリコン製）,,すまほけーす（ぷらすちっくせい、しりこんせい）
月1回収集の燃やせるごみ,スリッパ,,すりっぱ
ステーションに出せません,スレート,東見初埋め立て地へ直接搬入するか、市または許可業者に収集を依頼する,すれーと
燃やせるごみ,せいろ（木製）,,せいろ（もくせい）
月1回収集の燃やせるごみ,セーター,,せーたー
ステーションに出せません,石膏ボード,リサイクルプラザへ直接搬入するか、市または許可業者に収集を依頼する　※事前にリサイクルプラザ(0836-31-5584)へお問い合わせください,せっこうぼーど
燃やせるごみ,接着剤の容器（プラ製）,中身が完全に除去できれば「プラスチック製容器包装」,せっちゃくざいのようき（ぷらせい）
燃やせないごみ,せともの,割れたものは、危険防止のため缶等に入れて出す,せともの
燃やせないごみ,セラミックヒーター,長さ1m・幅50cm・奥行き50cm・重さ10kg以下のもの,せらみっくひーたー
燃やせるごみ,セロハンテープ,,せろはんてーぷ
燃やせないごみ,セロハンテープ台,,せろはんてーぷだい
プラスチック製容器包装,洗剤ボトル(プラ製),,せんざいぼとる(ぷらせい)
燃やせるごみ,せん定枝,長さ1m・幅50cm以下の束で、2束(2袋)まで　※幹の太さは直径10cm以下に限る,せんていえだ・剪定枝・せんていし
ステーションに出せません,ソファー,リサイクルプラザへ直接搬入するか、市または許可業者に収集を依頼する,そふぁー
燃やせないごみ,そり（遊具）,長さ1m・幅50cm・奥行き50cm・重さ10kg以下のもの,そり（ゆうぐ）
燃やせるごみ,そろばん（木製）,プラ製は「燃やせないごみ」,そろばん（もくせい）
燃やせないごみ,タープ,長さ1m×50cm以下にたたむ,たーぷ
燃やせないごみ,タープテント,長さ1m・幅50cm・奥行き50cm・重さ10kg以下のもの,たーぷてんと
市では処理できません,タイヤ（自動車・バイク用）,販売店又は製造業者に相談,たいや（じどうしゃ・ばいくよう）
燃やせないごみ,タイヤ・チューブ(自転車・一輪車）,自動車・バイク用は除く,たいや・ちゅーぶ（じてんしゃ・いちりんしゃ）
燃やせないごみ,タイヤチェーン（金属・ゴム製）,,たいやちぇーん（きんぞく・ごむせい）
市では処理できません,太陽光パネル,販売店又は製造業者に相談,たいようこうぱねる
市では処理できません,太陽熱温水器,販売店又は製造業者に相談,たいようねつおんすいき
古紙（雑誌・雑がみ）,ダイレクトメール,ビニールなど紙以外のものは取り除く　※資源ごみ拠点回収施設にも出せます　https://www.city.ube.yamaguchi.jp/koukyouannai/shisetsu_kurashi/shisetsu_gomi/1009983/index.html,だいれくとめーる
月1回収集の燃やせるごみ,タオル・タオルケット,ふれあいセンター等に設置してある、古着・古布BOXでのリサイクルにご協力ください,たおる・たおるけっと
燃やせないごみ,タキロン(波板),一度に2束（袋）まで　※長さ1m・直径50cm・重さ10ｋｇ以下に丸め、ひもでしばる,たきろん(なみいた)
燃やせるごみ,竹串,,たけぐし
燃やせないごみ,たこ焼き器,,たこやきき
燃やせないごみ,卓球の玉(ピンポン玉),,たっきゅうのたま(ぴんぽんだま)・ピン球・卓球ボール・卓球の球・ピンポン球
燃やせるごみ,卓球ラケット,,たっきゅうらけっと・卓球のラケット
燃やせないごみ,タッチペン,,たっちぺん
燃やせないごみ,タッパー容器,,たっぱーようき
燃やせるごみ,たとう紙,リサイクルに適さないため,たとうし・たとうがみ
燃やせるごみ,たばこの吸殻,,たばこのすいがら
紙製容器包装,たばこの紙箱,外側のフィルムは「プラスチック製容器包装」　※資源ごみ拠点回収施設にも出せます　https://www.city.ube.yamaguchi.jp/koukyouannai/shisetsu_kurashi/shisetsu_gomi/1009983/index.html,たばこのかみばこ
燃やせないごみ,タブレット端末,ふれあいセンター等に設置してある、小型家電回収BOXでのリサイクルにご協力ください,たぶれっとたんまつ・iPad・ｉＰａｄ
プラスチック製容器包装,卵のパック（プラ製）,,たまごのぱっく（ぷらせい）
燃やせるごみ,卵のパック（紙製）,,たまごのぱっく（かみせい）
燃やせるごみ,卵の殻,,たまごのから
燃やせないごみ,たらい,,たらい
燃やせるごみ,たわし,,たわし
燃やせないごみ,たわし（金属製）,,たわし（きんぞくせい）
ステーションに出せません,タンス,市の処理施設へ直接搬入するか、市または許可業者に収集を依頼する,たんす・箪笥
燃やせないごみ,ダンベル,長さ1m・幅50cm・奥行き50cm・重さ10kg以下のもの,だんべる
燃やせないごみ,チェーン（金属製）,,ちぇーん（きんぞくせい）
ステーションに出せません,チェーンソー(エンジン式),リサイクルプラザへ直接搬入する,ちぇーんそー(えんじんしき)
燃やせないごみ,チェーンソー(電気式),,ちぇーんそー(でんきしき)
燃やせないごみ,チャイルドシート,長さ1m・幅50cm・奥行き50cm・重さ10kg以下のもの　※安全面からリユースでの回収はおこなっていません,ちゃいるどしーと
燃やせないごみ,茶こし,,ちゃこし
危険ごみ,チャッカマン(ライター),無色透明な袋に入れ、他のごみと分けて出す　※ガスを使い切る,ちゃっかまん・点火棒
燃やせるごみ,チューインガム,,ちゅーいんがむ
燃やせるごみ,チョーク,,ちょーく
燃やせないごみ,ちりとり,,ちりとり
ステーションに出せません,漬物石(石、プラ製),埋め立て地へ直接搬入するか、市または許可業者に収集を依頼する,つけものいし(いし・ぷらすちっくせい)
燃やせないごみ,突っ張り棒,長さ1ｍ以下のもの,つっぱりぼう・つっぱり棒
ステーションに出せません,妻,残念ながらお答えできません。ご自身でご判断ください。,つま・よめ
燃やせるごみ,積み木,,つみき・積木
ステーションに出せません,ディスプレイ(PCリサイクルマークのあるもの),マークがあるものはメーカーが無償で回収・リサイクルします　※詳細は宇部市ウェブサイトを参照ください　https://www.city.ube.yamaguchi.jp/kurashi/gomi/dashikata/1001966/1001976.html,でぃすぷれい(PCりさいくるまーくのあるもの)
燃やせないごみ,ディスプレイ(PCリサイクルマークのないもの),ふれあいセンター等に設置してある、小型家電回収BOXでのリサイクルにご協力ください,でぃすぷれい(PCりさいくるまーくのないもの)
燃やせるごみ,ティッシュペーパー,,てぃっしゅぺーぱー
紙製容器包装,ティッシュペーパーの箱,取り出し口のビニールは「プラスチック製容器包装」　※資源ごみ拠点回収施設にも出せます　https://www.city.ube.yamaguchi.jp/koukyouannai/shisetsu_kurashi/shisetsu_gomi/1009983/index.html,てぃっしゅぺーぱーのはこ
ステーションに出せません,テーブル（金属製）,リサイクルプラザへ直接搬入するか、市または許可業者に収集を依頼する　※長さ1m・幅50cm・奥行50cm・重さ10kg以下のものは「燃やせないごみ」,てーぶる（きんぞくせい）
ステーションに出せません,テーブル（木製）,市の焼却場へ直接搬入するか、市または許可業者に収集を依頼する　※長さ1m・幅50cm・奥行50cm・重さ10kg以下のものは「月・水・金の燃やせるごみ」,てーぶる（もくせい）
燃やせないごみ,テーブルクロス（ビニール製）,,てーぶるくろす（びにーるせい）
月1回収集の燃やせるごみ,テーブルクロス（布製）,,てーぶるくろす（ぬのせい）
燃やせないごみ,デジタルオーディオプレーヤー,ふれあいセンター等に設置してある、小型家電回収BOXでのリサイクルにご協力ください,でじたるおーでぃおぷれーやー
燃やせないごみ,デジタルカメラ,ふれあいセンター等に設置してある、小型家電回収BOXでのリサイクルにご協力ください,でじたるかめら・デジカメ
燃やせないごみ,デスクマット,,ですくまっと
古紙（雑誌・雑がみ）,テスト用紙,資源ごみ拠点回収施設にも出せます　https://www.city.ube.yamaguchi.jp/koukyouannai/shisetsu_kurashi/shisetsu_gomi/1009983/index.html　※小さな紙類は、飛散・荷崩れ防止のため「封筒」や「紙袋」に入れて、雑誌と雑誌の間で縛ってください,てすとようし
月1回収集の燃やせるごみ,テニスボール,,てにすぼーる
月1回収集の燃やせるごみ,てぬぐい,ふれあいセンター等に設置してある、古着・古布BOXでのリサイクルにご協力ください,てぬぐい
家電リサイクル法対象品,テレビ,買い替え時に各小売店に引き取ってもらうか市のリサイクルプラザまたはメーカー指定引取場所（山口市等）へ直接搬入（有料）してください　※必ずリサイクル料金が必要です　※詳しくは、家電リサイクル法をご覧ください　http://www.city.ube.yamaguchi.jp/kurashi/gomi/dashikata/kaden_recycle.html,てれび
ステーションに出せません,テレビ台（プラ・金属製）,リサイクルプラザへ直接搬入するか、市または許可業者に収集を依頼する　※長さ1m・幅50cm・奥行50cm・重さ10kg以下のものは「燃やせないごみ」,てれびだい（ぷらせい）
燃やせないごみ,コードリール,長さ1m・幅50cm・奥行き50cm・重さ10kg以下のもの　※事業所から出るものは、ごみステーションに出せません,こーどりーる・コードリール
ステーションに出せません,テレビ台（木製）,市の焼却場へ直接搬入するか、市または許可業者に収集を依頼する　※長さ1m・幅50cm・奥行50cm・重さ10kg以下のものは「月・水・金の燃やせるごみ」,てれびだい（もくせい）
燃やせないごみ,テレフォンカード,,てれふぉんかーど・テレホンカード
燃やせないごみ,電気ケトル・電気ポット,,でんきけとる・でんきぽっと
燃やせないごみ,電気コード,,でんきこーど
燃やせないごみ,電気シェーバー,,でんきしぇーばー
燃やせるごみ,点字用紙,リサイクルに適さないため,てんじようし
燃やせないごみ,デンタルフロス(プラ製),,でんたるふろす(ぷら製)
燃やせないごみ,テント（家庭用）,長さ1m・幅50cm・奥行き50cm・重さ10kg以下のもの,てんと（かていよう）
燃やせないごみ,電動ドリル(電動工具),ふれあいセンター等に設置してある、小型家電回収BOXでのリサイクルにご協力ください,でんどうどりる(でんどうこうぐ)
燃やせるごみ,てんぷら油,凝固剤で固めるか、布や紙に染み込ませる　※店頭回収にもご協力ください　https://www.city.ube.yamaguchi.jp/kurashi/gomi/genryou_recycle/1002098/1002104.html,てんぷらあぶら・天ぷら油
燃やせるごみ,トイレットペーパーの芯・ラップの芯,リサイクルに適さないため,といれっとぺーぱーのしん・らっぷのしん
燃やせないごみ,トイレブラシ,,といれぶらし
燃やせるごみ,導尿バッグ・ストーマ袋,汚物はトイレに流す,どうにょうばっぐ・すとーまふくろ
プラスチック製容器包装,とうふの容器（プラ製）,,とうふのようき（ぷらせい）・豆腐の容器
燃やせないごみ,トースター,,とーすたー
燃やせないごみ,トタン板,一度に2束（袋）まで　※長さ1m・直径50cm・重さ10ｋｇ以下に丸め、ひもでしばる,とたんいた
燃やせないごみ,ドライバー,,どらいばー
燃やせないごみ,ドライヤー,ふれあいセンター等に設置してある、小型家電回収BOXでのリサイクルにご協力ください,どらいやー
燃やせるごみ,トランプ（紙製）,,とらんぷ（かみせい）
燃やせないごみ,トランプ（プラスチック製）,,とらんぷ（ぷらすちっくせい）
ステーションに出せません,トレーニングマシン,リサイクルプラザへ直接搬入するか、市または許可業者に収集を依頼する　※長さ1m・幅50cm・奥行50cm・重さ10kg以下のものは「燃やせないごみ」,とれーにんぐましん
ステーションに出せません,ドレッサー,市の処理施設へ直接搬入するか、市または許可業者に収集を依頼する　※長さ1m・幅50cm・奥行50cm・重さ10kg以下のものは「燃やせないごみ」,どれっさー
燃やせないごみ,トロフィー,長さ1m・幅50cm・奥行き50cm・重さ10kg以下のもの,とろふぃー
燃やせないごみ,ナイフ・包丁,危険防止のため、刃の部分をテープで覆う,ないふ・ほうちょう
プラスチック製容器包装,苗ポット,汚れの落とせないものは「月・水・金の燃やせるごみ」,なえぽっと
燃やせないごみ,なべ,,なべ
燃やせるごみ,生ごみ・残飯,水分をよく切って出す,なまごみ・ざんぱん・生ゴミ・野菜・やさい
燃やせないごみ,縄跳び,,なわとび・縄とび
燃やせるごみ,庭木,長さ1m・幅50cm以下の束で、2束(2袋)まで　※幹の太さは直径10cm以下に限る,にわき
月1回収集の燃やせるごみ,ぬいぐるみ,衛生面からリユースでの回収はおこなっていません,ぬいぐるみ
燃やせないごみ,ネガ・フィルム,,ねが・ふぃるむ
月1回収集の燃やせるごみ,ネクタイ,,ねくたい
燃やせないごみ,ネジ,,ねじ
燃やせないごみ,ネット（家庭菜園・家庭のスポーツ用）,長さ1m以下に切る,ねっと（かていさいえん・かていのすぽーつよう）
プラスチック製容器包装,ネット（商品が入っていたもの）,,ねっと（しょうひんがはいっていたもの）
燃やせないごみ,ねんど（油ねんど）,紙ねんどは「月・水・金の燃やせるごみ」,ねんど(あぶらねんど)・粘土
古紙（雑誌・雑がみ）,ノート,資源ごみ拠点回収施設にも出せます　https://www.city.ube.yamaguchi.jp/koukyouannai/shisetsu_kurashi/shisetsu_gomi/1009983/index.html,のーと
ステーションに出せません,ノートパソコン(PCリサイクルマークのあるもの),マークがあるものはメーカーが無償で回収・リサイクルします　※詳細は宇部市ウェブサイトを参照ください　https://www.city.ube.yamaguchi.jp/kurashi/gomi/dashikata/1001966/1001976.html,のーとぱそこん
燃やせないごみ,ノートパソコン(PCリサイクルマークのないもの),ふれあいセンター等に設置してある、小型家電回収BOXでのリサイクルにご協力ください,のーとぱそこん
燃やせないごみ,のこぎり,危険防止のため、刃の部分をテープで覆う,のこぎり
燃やせないごみ,歯間ブラシ,,しかんぶらし
燃やせないごみ,ハードディスク・HDD,ふれあいセンター等に設置してある、小型家電回収BOXでのリサイクルにご協力ください,はーどでぃすく・HDD・ＨＤＤ
燃やせないごみ,バーベキューグリル(コンロ),カセットボンベは取り外し「びん・缶」　※必ず穴をあける,ばーべきゅーぐりる(こんろ)・バーベキューのコンロ
市では処理できません,バイク,不用になったバイクの廃棄については、(公財)自動車リサイクル促進センターのホームページから対象車両検索を行い、手順に沿って指定取引場所または廃棄二輪車取扱店に直接搬入してください　https://www.jarc.or.jp,ばいく
燃やせないごみ,バインダー（プラ製）,,ばいんだー（ぷらせい）
燃やせるごみ,バインダー（紙製）,分離できる部品、金具は「燃やせないごみ」,ばいんだー（かみせい）
燃やせないごみ,はかり（スケール・体重計など）,電池は抜いて出す,はかり（すけーる・たいじゅうけいなど）
月1回収集の燃やせるごみ,はきもの(靴・サンダル・スリッパ),,はきもの(くつ・さんだる・すりっぱ)
燃やせないごみ,白熱灯(電球),,はくねつとう(電球)
燃やせるごみ,はく製,長さ1m・幅50cm・奥行き50cm・重さ10kg以下のもの,はくせい
燃やせないごみ,バケツ,,ばけつ
燃やせないごみ,はさみ,,はさみ・ハサミ
燃やせるごみ,はし・割り箸・竹串,,はし・わりばし・たけぐし
ステーションに出せません,はしご,市の処理施設へ直接搬入するか、市または許可業者に収集を依頼する,はしご・梯子
月1回収集の燃やせるごみ,バスケットボール,空気を抜いてつぶす,ばすけっとぼーる
月1回収集の燃やせるごみ,バスシューズ,,ばすしゅーず・バスブーツ
燃やせないごみ,バスマット（プラ製）,,ばすまっと（ぷらせい）
月1回収集の燃やせるごみ,バスマット（布製）,,ばすまっと（ぬのせい）
ステーションに出せません,パソコン(PCリサイクルマークのあるもの),マークがあるものはメーカーが無償で回収・リサイクルします　※詳細は宇部市ウェブサイトを参照ください　https://www.city.ube.yamaguchi.jp/kurashi/gomi/dashikata/1001966/1001976.html,ぱそこん
燃やせないごみ,パソコン(PCリサイクルマークのないもの),ふれあいセンター等に設置してある、小型家電回収BOXでのリサイクルにご協力ください,ぱそこん
ステーションに出せません,パソコンラック,リサイクルプラザへ直接搬入するか、市または許可業者に収集を依頼する　※長さ1m・幅50cm・奥行50cm・重さ10kg以下のものは「燃やせないごみ」,ぱそこんらっく
プラスチック製容器包装,バター・マーガリンの容器(プラ製),汚れの落とせないものは「燃やせないごみ」,ばたー・まーがりんのようき(ぷらせい)
市では処理できません,バッテリー,販売店又は製造業者に相談,ばってりー・鉛蓄電池・なまりちくでんち
燃やせないごみ,バット（金属製・プラ製）,,ばっと（きんぞくせい・ぷらせい）
燃やせるごみ,バット（木製）,,ばっと（もくせい）
燃やせないごみ,パラボラアンテナ,長さ1m・幅50cm・奥行き50cm・重さ10kg以下のもの,ぱらぼなあんてな
燃やせるごみ,バラン,,ばらん
月1回収集の燃やせるごみ,バランスボール,,ばらんすぼーる
燃やせないごみ,ハロゲンヒーター,長さ1m・幅50cm・奥行き50cm・重さ10kg以下のもの,はろげんひーたー
燃やせないごみ,ハンガー,木製は「月・水・金の燃やせるごみ」,はんがー・プラスチックハンガー
ステーションに出せません,ハンガーラック,リサイクルプラザへ直接搬入するか、市または許可業者に収集を依頼する　※長さ1m・幅50cm・奥行50cm・重さ10kg以下のものは「燃やせないごみ」,はんがーらっく
月1回収集の燃やせるごみ,ハンカチ,,はんかち
燃やせるごみ,半紙・和紙,リサイクルに適さないため,はんし・わし
月1回収集の燃やせるごみ,ハンドタオル,,はんどたおる
月1回収集の燃やせるごみ,ハンドバッグ,,はんどばっぐ
月1回収集の燃やせるごみ,パンプス,,ぱんぷす
古紙（雑誌・雑がみ）,パンフレット,資源ごみ拠点回収施設にも出せます　https://www.city.ube.yamaguchi.jp/koukyouannai/shisetsu_kurashi/shisetsu_gomi/1009983/index.html,ぱんふれっと
燃やせないごみ,ピアニカ,きれいなものは、市役所や福祉会館等に設置している回収ボックスもご利用いただけます　https://www.city.ube.yamaguchi.jp/kurashi/gomi/genryou_recycle/1002098/1014050/index.html,ぴあにか
市では処理できません,ピアノ（電子ピアノは除く）,販売店又は製造業者に相談,ぴあの
燃やせるごみ,ピアノの乾燥剤,,ぴあののかんそうざい
月1回収集の燃やせるごみ,ビーズクッション,,びーずくっしょん
月1回収集の燃やせるごみ,ビーチサンダル,,びーちさんだる
燃やせないごみ,ビーチパラソル,長さ1m・幅50cm・重さ10kg以下のもの,びーちぱらそる
月1回収集の燃やせるごみ,ビーチボール,空気を抜いてつぶす,びーちぼーる
燃やせないごみ,ビー玉,,びーだま
燃やせないごみ,髭剃り,危険防止のため、刃の部分をテープで覆う,ひげそり
燃やせないごみ,ビデオカメラ,ふれあいセンター等に設置してある、小型家電回収BOXでのリサイクルにご協力ください,びでおかめら
月1回収集の燃やせるごみ,ビデオテープ,ケースも一緒でよい,びでおてーぷ・VHS・ＶＨＳ
燃やせないごみ,ビデオテープのケース,テープと一緒の場合は「月1回収集の燃やせるごみ」,びでおてーぷのけーす
燃やせないごみ,ビデオデッキ,ふれあいセンター等に設置してある、小型家電回収BOXでのリサイクルにご協力ください,びでおでっき
燃やせないごみ,ビニールシート,1m×1m以下に切り、たたむ,びにーるしーと
燃やせるごみ,ビニール手袋,,びにーるてぶくろ・ビニル手袋
燃やせないごみ,ビニールプール,長さ1m×50cm以下にたたむ,びにーるぷーる
燃やせないごみ,ビニール傘,,びにーるがさ
プラスチック製容器包装,ビニール袋（商品を包んであったもの）,汚れの落とせないものは「月・水・金の燃やせるごみ」,びにーるぶくろ（しょうひんをつつんであったもの）
プラスチック製容器包装,ビニール風呂敷（商品を包んであったもの）,汚れの落とせないものは「月・水・金の燃やせるごみ」,びにーるふろしき（しょうひんをつつんであったもの）
燃やせるごみ,ひも（布・紙・ビニール・ゴム製）,,ひも（ぬの・かみ・びにーる・ごむせい）・ビニール紐・ビニールひも
プラスチック製容器包装,漂白剤の容器（プラ製）,洗う,ひょうはくざいのようき(ぷらせい)
燃やせるごみ,肥料,少量ずつ排出　※土砂と間違われないよう袋に「肥料」と記入,ひりょう
びん・缶,びん（飲み物・油・調味料・化粧品など）,中身を使い切り、ふたを外して中をそそぐ　※外したふた、割れたびんは「燃やせないごみ」,びん（のみもの・あぶら・ちょうみりょう・けしょうひんなど）・空きびん・空き瓶・ジュースのびん・ジュースの瓶・化粧品のびん・化粧品の瓶・化粧水のびん・化粧水の瓶・油のびん・油の瓶
燃やせないごみ,びんのふた(金属製),プラ製は「プラスチック製容器包装」,びんのふた・ビンのふた・瓶のふた・びんの蓋・ビンの蓋・瓶の蓋・びんのフタ・ビンのフタ・瓶のフタ・びんのキャップ・ビンのキャップ・瓶のキャップ
燃やせないごみ,ファイル（プラ製）,,ふぁいる（ぷらせい）
燃やせるごみ,ファイル（紙製）,金属・プラ製の部品等は「燃やせないごみ」,ふぁいる（かみせい）
燃やせないごみ,ファクシミリ(ファクス),長さ1m・幅50cm・奥行き50cm・重さ10kg以下のもの　※ふれあいセンター等に設置してある、小型家電回収BOXでのリサイクルにご協力ください,ふぁくしみり(ふぁくす)・ファックス・FAX・ＦＡＸ
燃やせないごみ,ファクシミリ用紙(感熱紙),リサイクルに適さないため,ふぁくしみりようし(かんねつし)
燃やせないごみ,ファスナー,,ふぁすなー・チャック・ジッパー
燃やせないごみ,ファンヒーター,残った灯油は必ず抜き、電池は取り除く,ふぁんひーたー
燃やせないごみ,フィルム・ネガ,,ふぃるむ・ねが
燃やせないごみ,風船,空気を抜いてつぶす,ふうせん
燃やせないごみ,フードプロセッサー,,ふーどぷろせっさー
燃やせないごみ,フォーク(金属・プラ製),木製・紙製は「月・水・金の燃やせるごみ」,ふぉーく
燃やせるごみ,複写紙,リサイクルに適さないため,ふくしゃし
月1回収集の燃やせるごみ,不織布,不織布製のマスクは「月・水・金の燃やせるごみ」,ふしょくふ
プラスチック製容器包装,ふた（プラ製）,商品の入っていた容器のふた,ふた（ぷらせい）
燃やせないごみ,ふた（金属製）,,ふた（きんぞくせい）
プラスチック製容器包装,プチプチの梱包材（商品を梱包してあったもの）,,ぷちぷちのこんぽうざい（しょうひんをこんぽうしてあったもの）
燃やせないごみ,ブックエンド（金属・プラ製）,,ぶっくえんど（きんぞくせい）
燃やせるごみ,ブックエンド（木製）,,ぶっくえんど（もくせい）
ステーションに出せません,仏壇,市の処理施設へ直接搬入するか、市または許可業者に収集を依頼する,ぶつだん
月1回収集の燃やせるごみ,筆箱(木製・布製),,ふでばこ(もくせい・ぬのせい)・筆入れ
燃やせないごみ,筆ペン,,ふでぺん
月1回収集の燃やせるごみ,布団,長さ1m・直径50cm以下に丸め、ひもでしばる,ふとん・敷布団・敷き布団・しきぶとん・掛布団・掛け布団・かけふとん・かけぶとん・こたつ布団・こたつふとん・こたつぶとん
燃やせないごみ,布団圧縮袋,,ふとんあっしゅくぶくろ・ふとん圧縮袋
燃やせないごみ,フライパン,,ふらいぱん
燃やせないごみ,ブラインド,長さ1m・幅50cm・奥行き50cm・重さ10kg以下のもの,ぶらいんど
家電リサイクル法対象品,ブラウン管式テレビ,買い替え時に各小売店に引き取ってもらうか市のリサイクルプラザまたはメーカー指定引取場所（山口市等）へ直接搬入（有料）してください　※必ずリサイクル料金が必要です　※詳しくは、家電リサイクル法をご覧ください　http://www.city.ube.yamaguchi.jp/kurashi/gomi/dashikata/kaden_recycle.html,ぶらうんかんしきてれび・ブラウン管テレビ・ぶらうんかんてれび
燃やせないごみ,ブラシ,,ぶらし
月1回収集の燃やせるごみ,ブラジャー,,ぶらじゃー
燃やせないごみ,プラスチックケース,長さ1m・幅50cm・奥行き50cm・重さ10kg以下のもの,ぷらすちっくけーす
燃やせないごみ,プラスチック段ボール（プラダン）,,ぷらすちっくだんぼーる（ぷらだん）
燃やせないごみ,プラスチックのスプーン,,ぷらすちっくのすぷーん・プラスチックスプーン
燃やせないごみ,フラッシュメモリ,ふれあいセンター等に設置してある、小型家電回収BOXでのリサイクルにご協力ください,ふらっしゅめもり・フラッシュメモリー・ふらっしゅめもりー
燃やせないごみ,プラモデル,,ぷらもでる
プラスチック製容器包装,フラワーポット（苗用でプラ製のもの）,汚れの落とせないものは「月・水・金の燃やせるごみ」,ふらわーぽっと（なえようでぷらせいのもの）
燃やせないごみ,プランター,土は草などを取り除き、埋め立て地へ直接搬入する,ぷらんたー
プラスチック製容器包装,プリン・ゼリーの容器,汚れの落とせないものは「月・水・金の燃やせるごみ」,ぷりん・ぜりーのようき
燃やせないごみ,プリンター（家庭用）,長さ1m・幅50cm・奥行き50cm・重さ10kg以下のもの,ぷりんたー（かていよう）
古紙（雑誌・雑がみ）,プリント・書類,資源ごみ拠点回収施設にも出せます　https://www.city.ube.yamaguchi.jp/koukyouannai/shisetsu_kurashi/shisetsu_gomi/1009983/index.html　※個人情報がある場合はなるべく除去する,ぷりんと・しょるい
燃やせないごみ,ブルーシート,1m×1m以下に切り、たたむ,ぶるーしーと
月1回収集の燃やせるごみ,古着,ふれあいセンター等に設置してある、古着・古布BOXでのリサイクルにご協力ください,ふるぎ
燃やせないごみ,プレーヤー（CD・MD・DVD・BDなど）,ふれあいセンター等に設置してある、小型家電回収BOXでのリサイクルにご協力ください,ぷれーやー（しーでぃ・えむでぃー・でぃーぶいでぃー・びーでぃーなど）・ぷれーやー(ＣＤ・ＭＤ・ＤＶＤ・ＢＤなど)
燃やせないごみ,プロジェクター,,ぷろじぇくたー
ステーションに出せません,ブロック(建築材料),埋め立て地へ直接搬入するか、市または許可業者に収集を依頼する,ぶろっく(けんちくざいりょう)
燃やせないごみ,フロッピーディスク,,ふろっぴーでぃすく
燃やせないごみ,ヘアアイロン,ふれあいセンター等に設置してある、小型家電回収BOXでのリサイクルにご協力ください,へああいろん
燃やせないごみ,ヘアピン,,へあぴん
ステーションに出せません,ベッド（ベッドマット含む）,市の処理施設へ直接搬入するか、市または許可業者に収集を依頼する,べっど（べっどまっとふくむ）・ベット・べっと
燃やせるごみ,ペットトイレ用の砂,,ぺっとといれようのすな・猫砂・ねこすな
燃やせるごみ,ペットの糞,,ぺっとのふん・ペットのフン・うんち・うんこ
ステーションに出せません,ペットの死体,お問い合わせください　※収集については廃棄物対策課まで（電話：0836-33-7291）　※持ち込みついてはごみ焼却場まで（電話：0836-31-3664）,ぺっとのしたい・犬・猫・いぬ・ねこ
ペットボトル,ペットボトル（飲み物・酒・しょう油・みりん風調味料・しょう油加工品・食酢・調味酢など）,①中をすすぎ、潰さず出す②キャップ・ラベルは外して「プラスチック製容器包装」　※油物・汚れの取れないもの、切り貼りして加工したものは「月・水・金の燃やせるごみ」へ,ぺっとぼとる（のみもの・さけ・しょうゆ・みりんふうちょうみりょう・しょうゆかこうひん・しょくず・ちょうみずなど）
燃やせるごみ,ペットボトル（食用油の入っていたもの）,中身が完全に除去できれば「ペットボトル」,ぺっとぼとる（しょくようあぶらのはいっていたもの）
プラスチック製容器包装,ペットボトルのふた・ペットボトルのキャップ,,ぺっとぼとるのふた・ぺっとぼとるのきゃっぷ・ペットボトルのフタ・ペットボトルの蓋
プラスチック製容器包装,ペットボトルのラベル,,ぺっとぼとるのらべる
燃やせないごみ,ヘッドホン,ふれあいセンター等に設置してある、小型家電回収BOXでのリサイクルにご協力ください,へっどほん
燃やせないごみ,ベビーカー・ストローラー,きれいなものは、市役所や福祉会館等に設置している回収ボックスもご利用いただけます　https://www.city.ube.yamaguchi.jp/kurashi/gomi/genryou_recycle/1002098/1014050/index.html,べびーかー・すとろーらー
ステーションに出せません,ベビーバス,きれいなものは、市役所や福祉会館等に設置している回収ボックスもご利用いただけます　https://www.city.ube.yamaguchi.jp/kurashi/gomi/genryou_recycle/1002098/1014050/index.html,べびーばす
ステーションに出せません,ベビーベッド,きれいなものは、市役所や福祉会館等に設置している回収ボックスもご利用いただけます　https://www.city.ube.yamaguchi.jp/kurashi/gomi/genryou_recycle/1002098/1014050/index.html,べびーべっど
月1回収集の燃やせるごみ,ベルト,バックルなど、外せるものは「燃やせないごみ」,べると
燃やせないごみ,ヘルメット,,へるめっと
燃やせないごみ,ペン(筆記用具),,ぺん(ひっきようぐ)
燃やせないごみ,ペンキ缶,中身が完全にないもので、長辺が20cm以内であれば「びん・缶」,ぺんきかん
燃やせないごみ,便座(ウォッシュレット),長さ1m・幅50cm・奥行き50cm・重さ10kg以下のもの,べんざ(うぉっしゅれっと)
燃やせないごみ,ペンチ,,べんち
燃やせるごみ,弁当容器(スーパー、コンビニなどのプラ容器),,べんとうようき(すーぱー、こんびになどのぷらようき)
燃やせないごみ,ホイールキャップ,,ほいーるきゃっぷ
燃やせるごみ,ほうき・モップ（竹・木製）,長さ1m以下のもの,ほうき・もっぷ（たけ・もくせい）
燃やせないごみ,ほうき・モップ（プラ・金属製）,長さ1m以下のもの,ほうき・もっぷ（きんぞくせい・ぷらすちっくせい）
燃やせないごみ,防草シート(マルチ),長さ1m以下に切り、直径50cm以内に丸めてひもでしばる,ぼうそうしーと(まるち)
ステーションに出せません,ボウリングの玉,埋め立て地へ直接搬入するか、市または許可業者に収集を依頼する,ぼうりんぐのたま
燃やせないごみ,ボウル（料理に使う器）,,ぼうる（りょうりにつかううつわ）
燃やせないごみ,ホース,束ねてひもでしばる　※ホースリール付きはそのままで出してよい,ほーす
燃やせないごみ,ホースリール,※ホース付きはそのままで出してよい,ほーすりーる
燃やせないごみ,ポータブルトイレ,洗って出す　※長さ1m・幅50cm・奥行き50cm・重さ10kg以下のもの,ぽーたぶるといれ
燃やせないごみ,ポータブルプレーヤー(オーディオプレーヤー),ふれあいセンター等に設置してある、小型家電回収BOXでのリサイクルにご協力ください,ぽーたぶるぷれーやー(おーでぃおぷれーやー)
月1回収集の燃やせるごみ,ポーチ,,ぽーち
燃やせないごみ,ボールペン,,ぼーるぺん
月1回収集の燃やせるごみ,ボール類（バレーボール・テニスボールなど）,空気を抜いてつぶす,ぼーるるい（ばれーぼーる・てにすぼーるなど）
古紙（雑誌・雑がみ）,ポスター,資源ごみ拠点回収施設にも出せます　https://www.city.ube.yamaguchi.jp/koukyouannai/shisetsu_kurashi/shisetsu_gomi/1009983/index.html,ぽすたー
ステーションに出せません,ボタン電池※記号LR・SR・PR,電極にテープを貼って、ふれあいセンター等に設置している「充電式電池リサイクルBOX」に入れる、もしくは回収協力店に設置してある「ボタン電池回収缶(ボタン電池専用)」に入れる,ぼたんでんち（ぼたんでんち）※記号ＬＲ・ＳＲ・ＰＲ・アルカリボタン電池・空気電池・酸化銀電池
燃やせないごみ,ホッチキス・ホチキス,針も燃やせないごみ,ほっちきす・ほちきす
燃やせないごみ,ホッチキスの芯・針,,ほっちきすのしん・はり・ホッチキスの針
月1回収集の燃やせるごみ,ホットカーペット,長さ1m・直径50cm以下に丸め、ひもでしばる　※コードと調節器具は、切り取って「燃やせないごみ」,ほっとかーぺっと
燃やせないごみ,ホットプレート,,ほっとぷれーと
月1回収集の燃やせるごみ,ボディタオル,,ぼでぃたおる
燃やせないごみ,ほ乳びん,,ほにゅうびん・哺乳瓶・哺乳びん
燃やせないごみ,ポリタンク,中身は使い切る又は取り除く,ぽりたんく
燃やせないごみ,ホワイトボード,長さ1m・幅50cm・奥行き50cm・重さ10kg以下のもの,ほわいとぼーど
燃やせないごみ,ホワイトボードマーカー,,ほわいとぼーどまーかー
燃やせるごみ,ボンドの容器（プラスチック製）,中身が完全に除去できれば「プラスチック製容器包装」,ぼんどのようき（ぷらすちっくせい）
紙製容器包装,マーガリン・バターの紙箱(紙製),資源ごみ拠点回収施設にも出せます　https://www.city.ube.yamaguchi.jp/koukyouannai/shisetsu_kurashi/shisetsu_gomi/1009983/index.html　※汚れの落とせないものは「月・水・金の燃やせるごみ」,まーがりん・ばたーのかみばこ
プラスチック製容器包装,マーガリン・バターの容器（プラ製）,汚れの落とせないものは「月・水・金の燃やせるごみ」,まーがりん・ばたーのようき（ぷらせい）
燃やせないごみ,マウス,ふれあいセンター等に設置してある、小型家電回収BOXでのリサイクルにご協力ください,まうす
燃やせないごみ,マグカップ,割れたものは、危険防止のため缶等に入れて出す,まぐかっぷ
燃やせないごみ,マグネット,,まぐねっと
月1回収集の燃やせるごみ,まくら,中身は出さなくてもよい,まくら・枕・マクラ
燃やせないごみ,マジックペン,,まじっくぺん
燃やせるごみ,マスク(不織布・布・プラ製),,ますく
ステーションに出せません,マッサージチェア,リサイクルプラザへ持ち込み,まっさーじちぇあ
燃やせないごみ,マッサージ機（小型）,長さ1m・幅50cm・奥行き50cm・重さ10kg以下のもの,まっさーじき（こがた）
燃やせるごみ,マッチ棒,未使用のものは、十分に水をしみこませる,まっちぼう
燃やせないごみ,マット（ゴム製・プラ製）,,まっと（ごむせい・ぷらせい）・ヨガマット
月1回収集の燃やせるごみ,マット(布製）,ふれあいセンター等に設置してある、古着・古布BOXでのリサイクルにご協力ください,まっと（ぬのせい）・ヨガマット
月1回収集の燃やせるごみ,マットレス（スプリングが入っていないもの）,長さ1m・直径50cm以下に丸め、ひもでしばる,まっとれす（すぷりんぐがはいっていないもの）
ステーションに出せません,マットレス（スプリングが入っているもの）,リサイクルプラザへ直接搬入するか、市または許可業者に収集を依頼する,まっとれす（すぷりんぐがはいっているもの）
燃やせないごみ,まな板（プラ製）,,まないた（ぷらすちっくせい）
燃やせるごみ,まな板（木製）,,まないた（もくせい）
燃やせないごみ,マニキュアの容器（ガラス製）,中身は使い切る又は取り除く,まにきゅあのようき（がらすせい）・マニュキュア・マニュキア
プラスチック製容器包装,マニキュアの容器（プラ製）,汚れの落とせないものは「月・水・金の燃やせるごみ」,まにきゅあのようき（ぷらすちっくせい）・マニュキュア・マニュキア
月1回収集の燃やせるごみ,マフラー,,まふらー
燃やせるごみ,マヨネーズの容器・チューブ,汚れが完全に除去できるものは「プラスチック製容器包装」,まよねーずのようき・ちゅーぶ
プラスチック製容器包装,みかんのネット,,みかんのねっと
燃やせないごみ,ミシン,長さ1m・幅50cm・奥行き50cm・重さ10kg以下のもの,みしん
ステーションに出せません,未来,「今」の積み重ねが未来につながります。未来に恥じぬよう今を生きたいですね。,みらい
びん・缶,ミルクの缶,長辺が20cm以上のものは「燃やせないごみ」,みるくのかん
月1回収集の燃やせるごみ,麦わら帽子,,むぎわらぼうし
古紙（雑誌・雑がみ）,名刺,プライバシー保護のため、封筒等に入れて出す　※資源ごみ拠点回収施設にも出せます　https://www.city.ube.yamaguchi.jp/koukyouannai/shisetsu_kurashi/shisetsu_gomi/100983/index.html,めいし
燃やせないごみ,めがね,,めがね・メガネ・眼鏡
燃やせないごみ,めがねケース,,めがねけーす・眼鏡ケース・メガネケース
プラスチック製容器包装,目薬の容器,,めぐすりのようき
燃やせないごみ,メジャー,,めじゃー
古紙（雑誌・雑がみ）,メモ用紙,資源ごみ拠点回収施設にも出せます　https://www.city.ube.yamaguchi.jp/koukyouannai/shisetsu_kurashi/shisetsu_gomi/1009983/index.html,めもようし
燃やせないごみ,メモリーカード,ふれあいセンター等に設置してある、小型家電回収BOXでのリサイクルにご協力ください,めもりーかーど
燃やせるごみ,木製品,解体し、束ねる　※長さ1m・直径50cm・重さ10ｋｇ以下の束で一度に2束（袋）まで,もくせいひん
ステーションに出せません,目標,新たな目標ができたのであれば、それは良いことです。,もくひょう
ステーションに出せません,モニター(PCリサイクルマークのあるもの),マークがあるものはメーカーが無償で回収・リサイクルします　※詳細は宇部市ウェブサイトを参照ください　https://www.city.ube.yamaguchi.jp/kurashi/gomi/dashikata/1001966/1001976.html,もにたー
燃やせないごみ,モニター(PCリサイクルマークのないもの),ふれあいセンター等に設置してある、小型家電回収BOXでのリサイクルにご協力ください,もにたー
ステーションに出せません,モバイルバッテリー(小型充電式電池),リサイクルマークの付いたものは、電極にテープを貼って、回収協力店に設置してあるリサイクルBOX、または各ふれあいセンターに設置してある黄色いリサイクルBOXへ　※充電式電池回収協力店の検索はこちら→一般社団法人JBRC（外部サイトへリンク）　https://www.jbrc.com/,もばいるばってりー(こがたじゅうでんしきでんち)
燃やせないごみ,やかん(ケトル),,やかん(けとる)
燃やせないごみ,湯たんぽ(金属製・ポリ容器製),,ゆたんぽ(きんぞくせい・ぽりようきせい)
ステーションに出せません,夢,持っていて邪魔になるものではありません。捨てずに持っておくのも悪くないと思います。,ゆめ
燃やせるごみ,養生テープ,,ようじょうてーぷ
月1回収集の燃やせるごみ,洋服,ふれあいセンター等に設置してある、古着・古布BOXでのリサイクルにご協力ください,ようふく
燃やせるごみ,汚れたペットボトル,,よごれたぺっとぼとる
燃やせるごみ,よしず,長さ1m・直径50cm以下に丸め、ひもでしばる　※プラ製は「燃やせないごみ」,よしず
危険ごみ,ライター(オイルライター以外),無色透明の袋に入れ、他のごみと分けて出す　※ガスを使い切る,らいたー(おいるらいたーいがい)
燃やせるごみ,ラケット（木製）,,らけっと（もくせい）
燃やせないごみ,ラケット（木製以外）,,らけっと（もくせいいがい）
月1回収集の燃やせるごみ,ラケットカバー,,らけっとかばー・ラケットのカバー
燃やせないごみ,ラジオ(ラジカセ),電池は抜いて出す　※ふれあいセンター等に設置してある、小型家電回収BOXでのリサイクルにご協力ください,らじお(らじかせ)
びん・缶,ラッカースプレー,中身を使い切り、風通しの良い屋外で必ず穴をあけて出す,らっかーすぷれー
燃やせるごみ,ラップ（家庭で使用したもの）,,らっぷるい（かていでしようしたもの）・サランラップ・クレラップ・ポリラップ
プラスチック製容器包装,ラップ（商品を包んであったもの）,汚れの落とせないものは「月・水・金の燃やせるごみ」,らっぷるい（しょうひんをつつんであったもの）・サランラップ・クレラップ・ポリラップ
燃やせないごみ,ラミネーター,,らみねーたー
燃やせないごみ,ラミネートフィルム,,らみねーとふぃるむ
びん・缶,ラムネのびん,,らむねのびん
ペットボトル,ラムネのペットボトル,中のビー玉は「燃やせないごみ」,らむねのぺっとぼとる
燃やせないごみ,ランタン(ランプ),,らんたん(らんぷ)
燃やせないごみ,ランチジャー,,らんちじゃー
月1回収集の燃やせるごみ,ランドセル,,らんどせる
ステーションに出せません,ランニングマシン・ルームランナー,リサイクルプラザへ直接搬入するか、市または許可業者に収集を依頼する,らんにんぐましん・るーむらんなー
燃やせないごみ,リール（釣り用）,釣り糸は「月・水・金の燃やせるごみ」,りーる（つりよう）
プラスチック製容器包装,リップの容器（プラ製）,中身は使い切る又は取り除く　※汚れの落とせないものは「月・水・金の燃やせるごみ」,りっぷのようき（ぷらすちっくせい）
燃やせないごみ,リモコン,電池は抜いて出す,りもこん
月1回収集の燃やせるごみ,旅行カバン・旅行バック,金属製・プラ製は「燃やせないごみ」,りょこうかばん・りょこうばっく・鞄
古紙（雑誌・雑がみ）,リングノート,取り外せるリング(金属製、プラ製)は「燃やせないごみ」　※資源ごみ拠点回収施設にも出せます　https://www.city.ube.yamaguchi.jp/koukyouannai/shisetsu_kurashi/shisetsu_gomi/1009983/index.html,りんぐのーと
燃やせないごみ,ルーター,ふれあいセンター等に設置してある、小型家電回収BOXでのリサイクルにご協力ください,るーたー
ステーションに出せません,冷温庫,買い替え時に各小売店に引き取ってもらうか市のリサイクルプラザまたはメーカー指定引取場所（山口市等）へ直接搬入（有料）してください　※必ずリサイクル料金が必要です　※詳しくは、家電リサイクル法をご覧ください　http://www.city.ube.yamaguchi.jp/kurashi/gomi/dashikata/kaden_recycle.html,れいおんこ・温冷庫・おんれいこ
月1回収集の燃やせるごみ,レインコート,,れいんこーと
燃やせないごみ,レコード,紙製のケースは「古紙(雑誌・雑がみ)」　※資源ごみ拠点回収施設にも出せます　https://www.city.ube.yamaguchi.jp/koukyouannai/shisetsu_kurashi/shisetsu_gomi/1009983/index.html,れこーど
燃やせるごみ,レシート（感熱紙）,リサイクルに適さないため,れしーと
燃やせないごみ,レジャーシート,1m×1m以下に切り、たたむ,れじゃーしーと
プラスチック製容器包装,レジ袋,ごみ袋としては使用できません　※汚れたものは「月・水・金の燃やせるごみ」,れじぶくろ
燃やせるごみ,レトルト食品の容器,完全に汚れが除去できるものは「プラスチック製容器包装」,れとるとしょくひんのふくろ（ぷらすちっくせい）
ステーションに出せません,れんが,埋め立て地へ直接搬入するか、市または許可業者に収集を依頼する,れんが・レンガ・煉瓦
燃やせるごみ,レンジフード（レンジ周りの油よけ）,アルミ箔製（てんぷらガードなど）,れんじふーど（れんじまわりのあぶらよけ）
燃やせないごみ,練炭(使用済み),水で湿らせ、丈夫な袋に入れて「灰」と書く　※未使用のものは水で湿らせ、「月・水・金の燃やせるごみ」,れんたん(しようずみ)
燃やせるごみ,ローソク・ロウソク,,ろーそく・ろうそく・蝋燭
燃やせるごみ,ロープ（布・紙・ビニール・ゴム製）,太さ2cm以下のもの　※長さ1m以下に切る,ろーぷ（ぬの・かみ・びにーる・ごむせい）
燃やせないごみ,ローラースケート,,ろーらーすけーと
燃やせないごみ,ローラーブレード,,ろーらーぶれーど
ステーションに出せません,ロッカー,リサイクルプラザへ直接搬入するか、市または許可業者に収集を依頼する,ろっかー
燃やせないごみ,ワープロ,長さ1m・幅50cm・奥行き50cm・重さ10kg以下のもの　※ふれあいセンター等に設置してある、小型家電回収BOXでのリサイクルにご協力ください,わーぷろ
紙製容器包装,ワイシャツの中台紙,資源ごみ拠点回収施設にも出せます　https://www.city.ube.yamaguchi.jp/koukyouannai/shisetsu_kurashi/shisetsu_gomi/1009983/index.html,わいしゃつのなかだいし
プラスチック製容器包装,ワイシャツの包装フィルム,,わいしゃつのほうそうふぃるむ
燃やせないごみ,ワイパー,,わいぱー
ステーションに出せません,ワインクーラー,買い替え時に各小売店に引き取ってもらうか市のリサイクルプラザまたはメーカー指定引取場所（山口市等）へ直接搬入（有料）してください　※必ずリサイクル料金が必要です　※詳しくは、家電リサイクル法をご覧ください　http://www.city.ube.yamaguchi.jp/kurashi/gomi/dashikata/kaden_recycle.html,わいんくーらー
プラスチック製容器包装,ワックスのボトル(プラマークのあるもの),中身は使い切る又は取り除く,わっくすのかん
燃やせるごみ,わりばし,,わりばし
燃やせないごみ,割れたガラス,危険防止のため、缶等に入れて出す,われたがらす・ワレモノ・割れ物・割物・われもの
燃やせないごみ,安全ピン,危険防止のため、缶等に入れて出す,あんぜんぴん
月1回収集の燃やせるごみ,安全靴,,あんぜんぐつ
燃やせないごみ,衣装ケース（プラ・金属製）,長さ1m・幅50cm・奥行き50cm・重さ10kg以下のもの,いしょうけーす（ぷら・きんぞくせい）
月1回収集の燃やせるごみ,衣類,ふれあいセンター等に設置してある、古着・古布BOXでのリサイクルにご協力ください,いるい
家電リサイクル法対象品,衣類乾燥機 　（家電リサイクル法対象品目）,買い替え時に各小売店に引き取ってもらうか市のリサイクルプラザまたはメーカー指定引取場所（山口市等）へ直接搬入（有料）してください　※必ずリサイクル料金が必要です　※詳しくは、家電リサイクル法をご覧ください　http://www.city.ube.yamaguchi.jp/kurashi/gomi/dashikata/kaden_recycle.html,いるいかんそうき（かでんりさいくるほうたいしょうひんもく）
燃やせないごみ,一斗缶,中身は使い切る又は取り除く,いっとかん
ステーションに出せません,一輪車（手押し車）,リサイクルプラザへ直接搬入するか、市または許可業者に収集を依頼する　※長さ1m・幅50cm・奥行50cm・重さ10kg以下のものは「燃やせないごみ」,いちりんしゃ（ておしぐるま）
燃やせないごみ,一輪車（遊具）,,いちりんしゃ（ゆうぐ）
燃やせるごみ,印鑑（木製）,,いんかん（もくせい）・判子・はんこ・ハンコ・印判・いんばん
燃やせないごみ,印鑑（木製以外）,,いんかん（もくせいいがい）・判子・はんこ・ハンコ・印判・いんばん
ステーションに出せません,運動器具,リサイクルプラザへ直接搬入するか、市または許可業者に収集を依頼する　※長さ1m・幅50cm・奥行50cm・重さ10kg以下のものは「燃やせないごみ」,うんどうきぐ・エアロバイク・えあろばいく
月1回収集の燃やせるごみ,運動靴,,うんどうぐつ
家電リサイクル法対象品,液晶テレビ ・プラズマ式テレビ,買い替え時に各小売店に引き取ってもらうか市のリサイクルプラザまたはメーカー指定引取場所（山口市等）へ直接搬入（有料）してください　※必ずリサイクル料金が必要です　※詳しくは、家電リサイクル法をご覧ください　http://www.city.ube.yamaguchi.jp/kurashi/gomi/dashikata/kaden_recycle.html,えきしょうてれび・ぷらずましきてれび・プラズマテレビ・ぷらずまてれび
燃やせないごみ,延長コード,束ねてひもでしばる,えんちょうこーど
燃やせるごみ,鉛筆,,えんぴつ
燃やせないごみ,鉛筆削り,,えんぴつけずり
燃やせないごみ,押しピン,危険防止のため、缶等に入れて出す,おしぴん
燃やせないごみ,温度計,水銀を使用したものは「危険ごみ」,おんどけい
月1回収集の燃やせるごみ,下駄・雪駄,,げた・せった
ステーションに出せません,下駄箱,市の処理施設へ直接搬入するか、市または許可業者に収集を依頼する,げたばこ
プラスチック製容器包装,化粧水の容器（プラ製）,中身は使い切る又は取り除く　※汚れの落とせないものは「月・水・金の燃やせるごみ」,けしょうすいのようき（ぷらせい）
プラスチック製容器包装,化粧品の容器（プラ製）,中身は使い切る又は取り除く　※汚れの落とせないものは「月・水・金の燃やせるごみ」,けしょうひんのようき（ぷらせい）
燃やせないごみ,加湿器,,かしつき
プラスチック製容器包装,果物のネット・パック・盛かご,汚れの落とせないものは「月・水・金の燃やせるごみ」,くだもののねっと・ぱっく・もりかご
燃やせないごみ,花びん,割れたものは、危険防止のため缶等に入れて出す,かびん・花瓶
燃やせるごみ,花火,水を十分しみこませる,はなび
燃やせないごみ,蚊取り器,電池は抜いて出す,かとりき
燃やせるごみ,蚊取り線香・蚊取りマット,,かとりせんこう・かとりまっと
燃やせないごみ,画びょう,危険防止のため、缶等に入れて出す,がびょう・画鋲
古紙（雑誌・雑がみ）,画用紙,資源ごみ拠点回収施設にも出せます　https://www.city.ube.yamaguchi.jp/koukyouannai/shisetsu_kurashi/shisetsu_gomi/1009983/index.html,がようし
市では処理できません,介護用電動ベッド,販売店又は製造業者に相談,かいごようでんどうべっど
燃やせないごみ,懐中電灯　,電池は抜いて出す　※ふれあいセンター等に設置してある、小型家電回収BOXでのリサイクルにご協力ください,かいちゅうでんとう
びん・缶,海苔のびん,ふた、栓を外す　※外したふた、割れたびんは「燃やせないごみ」,のりのびん・海苔のビン・海苔の瓶
びん・缶,海苔の缶,中をすすいで出す　※長辺が20cmを超えるものは「燃やせないごみ」,のりのかん・海苔のカン・海苔のかん
プラスチック製容器包装,海苔の容器（プラ製）,洗う　※汚れの落とせないものは「月・水・金の燃やせるごみ」,のりのようき（ぷらせい）
燃やせないごみ,灰,一度に1袋まで、水を湿らせ丈夫な袋に入れて「灰」と書く,はい
燃やせないごみ,灰皿,,はいざら
燃やせないごみ,絵の具（アルミチューブ）,中身は使い切る又は取り除く,えのぐ（あるみちゅーぶ）
燃やせるごみ,絵の具（プラスチックチューブ）,プラマークがあるもので、完全に汚れが除去できるものは「プラスチック製容器包装」へ,えのぐ（ぷらすちっくちゅーぶ）
古紙（雑誌・雑がみ）,絵本,きれいなものは、市役所や福祉会館等に設置している回収ボックスもご利用いただけます　https://www.city.ube.yamaguchi.jp/kurashi/gomi/genryou_recycle/1002098/1014050/index.html,えほん
燃やせるごみ,貝殻・かき殻,,かいがら・かきがら・貝がら・牡蠣殻・貝ガラ・牡蠣ガラ
月1回収集の燃やせるごみ,革靴,,かわぐつ
月1回収集の燃やせるごみ,革製品,,かわせいひん
燃やせないごみ,楽器（プラ・金属製）,,がっき（ぷら・きんぞくせい）
燃やせるごみ,楽器（木製）,,がっき（もくせい）
燃やせるごみ,額縁（木製）,,がくぶち（もくせい）
燃やせないごみ,額縁（木製以外）,,がくぶち（もくせいいがい）
燃やせないごみ,鎌,危険防止のため、刃の部分をテープで覆う,かま
家電リサイクル法対象品,乾燥機（衣類用）,買い替え時に各小売店に引き取ってもらうか市のリサイクルプラザまたはメーカー指定引取場所（山口市等）へ直接搬入（有料）してください　※必ずリサイクル料金が必要です　※詳しくは、家電リサイクル法をご覧ください　http://www.city.ube.yamaguchi.jp/kurashi/gomi/dashikata/kaden_recycle.html,かんそうき（いるいよう）
燃やせないごみ,乾燥機（食器・布団・靴用）,長さ1m・幅50cm・奥行き50cm・重さ10kg以下のもの,かんそうき（しょっき・ふとん・くつよう）
燃やせるごみ,乾燥剤,,かんそうざい
危険ごみ,乾電池,,かんでんち
燃やせないごみ,換気扇,,かんきせん
燃やせるごみ,換気扇カバー（フィルター）,,かんきせんかばー（ふぃるたー）
びん・缶,缶（スプレー缶）,中身を使い切り、風通しの良い屋外で必ず穴をあけて出す,かん（すぷれーかん）
びん・缶,缶（飲料用・菓子・海苔・入浴剤・蚊取り線香など）,中をすすいで出す　※長辺が20cmを超えるものは「燃やせないごみ」,かん（いんりょうよう・かし・のり・にゅうよくざい・かとりせんこうなど）・アルミ缶・あるみかん・スチール缶・すちーるかん・ジュースの缶・じゅーすのかん・お菓子の缶・おかしのかん・空き缶・あきかん
燃やせないごみ,玩具（プラ・金属製）,長さ1m・幅50cm・奥行き50cm・重さ10kg以下のもの,がんぐ（ぷら・きんぞくせい）
燃やせるごみ,玩具（木製・紙製）,木製のものは、解体して直径10cm・長さ1m以下にする,がんぐ（もくせい・かみせい）
ステーションに出せません,机・デスク(金属製）,リサイクルプラザへ直接搬入するか、市または許可業者に収集を依頼する　※長さ1m・幅50cm・奥行50cm・重さ10kg以下のものは「燃やせないごみ」,つくえ・ですく（きんぞくせい）
ステーションに出せません,机・デスク（木製）,市の焼却場へ直接搬入するか、市または許可業者に収集を依頼する　※長さ1m・幅50cm・奥行50cm・重さ10kg以下のものは「月・水・金の燃やせるごみ」,つくえ・ですく（もくせい）
燃やせないごみ,脚立,長さ1m・幅50cm・奥行50cm・重さ10kg以下のもの,きゃたつ
燃やせないごみ,給湯器,長さ1m・幅50cm・奥行き50cm・重さ10kg以下のもの,きゅうとうき
紙製容器包装,牛乳パック,洗って切り開く　※スーパーなどの店頭回収にご協力ください　※資源ごみ拠点回収施設にも出せます　https://www.city.ube.yamaguchi.jp/koukyouannai/shisetsu_kurashi/shisetsu_gomi/1009983/index.html,ぎゅうにゅうぱっく
市では処理できません,魚網(漁業で使用されたもの),,ぎょもう(ぎょぎょうでしようされたもの)
古紙（雑誌・雑がみ）,教科書,資源ごみ拠点回収施設にも出せます　https://www.city.ube.yamaguchi.jp/koukyouannai/shisetsu_kurashi/shisetsu_gomi/1009983/index.html,きょうかしょ
燃やせないごみ,鏡,割れたものは、危険防止のため缶等に入れて出す,かがみ・カガミ
ステーションに出せません,鏡台,リサイクルプラザへ直接搬入するか、市または許可業者に収集を依頼する,きょうだい
燃やせないごみ,金魚鉢,割れたものは、危険防止のため缶等に入れて出す,きんぎょばち
燃やせないごみ,金庫（手提げ）,,きんこ（てさげ）
ステーションに出せません,金庫（耐火用）　,東見初埋め立て地へ直接搬入するか、市または許可業者に収集を依頼する,きんこ（たいかよう）
燃やせないごみ,空気清浄器,長さ1m・幅50cm・奥行き50cm・重さ10kg以下のもの,くうきせいじょうき
燃やせないごみ,空気入れ,,くうきいれ
月1回収集の燃やせるごみ,靴,,くつ
月1回収集の燃やせるごみ,靴下,,くつした・すとっきんぐ
燃やせるごみ,熊手（竹製）,プラ・金属製は「燃やせないごみ」,くまで（たけせい）
月1回収集の燃やせるごみ,軍手,,ぐんて
燃やせないごみ,携帯電話・PHS,ふれあいセンター等に設置してある、小型家電回収BOXでのリサイクルにご協力ください,けいたいでんわ・PHS・ＰＨＳ・ピッチ・ぴっち
燃やせないごみ,蛍光ペン,,けいこうぺん
危険ごみ,蛍光灯・蛍光管,長さ1メートル20センチ以下のもの　※割れたものは「燃やせないごみ」,けいこうとう・けいこうかん・シーリングライト・しーりんぐらいと
燃やせないごみ,計量スプーン・計量カップ,,けいりょうすぷーん・けいりょうかっぷ
燃やせないごみ,血圧計（デジタル式）,ふれあいセンター等に設置してある、小型家電回収BOXでのリサイクルにご協力ください,けつあつけい（でじたるしき）・電子血圧計・でんしけつあつけい
ステーションに出せません,健康器具,リサイクルプラザへ直接搬入するか、市または許可業者に収集を依頼する　※長さ1m・幅50cm・奥行50cm・重さ10kg以下のものは「燃やせないごみ」,けんこうきぐ
燃やせないごみ,剣山,危険防止のため、テープなどで覆う,けんざん
月1回収集の燃やせるごみ,玄関マット,金属製・ゴム製は「燃やせないごみ」,げんかんまっと
ステーションに出せません,戸棚,市の処理施設へ直接搬入するか、市または許可業者に収集を依頼する,とだな
燃やせるごみ,糊の容器（プラ製）,中身が完全に除去できれば「プラスチック製容器包装」,のりのようき（ぷらせい）・スティックのり・スティック糊
燃やせないごみ,碁石,,ごいし
燃やせるごみ,碁盤・将棋盤（木製）,盤の厚さが10cm以下のもの,ごばん・しょうぎばん（もくせい）
プラスチック製容器包装,口紅の容器（プラ製）,中身は使い切る又は取り除く　※汚れの落とせないものは「月・水・金の燃やせるごみ」,くちべにのようき（ぷらせい）
燃やせないごみ,工具,,こうぐ
古紙（新聞）,広告（新聞折り込み広告）,資源ごみ拠点回収施設にも出せます　https://www.city.ube.yamaguchi.jp/koukyouannai/shisetsu_kurashi/shisetsu_gomi/1009983/index.html,こうこく（しんぶんおりこみこうこく）
燃やせるごみ,梱包用バンド（PPバンド）,,こんぽうようばんど（PPばんど）・ＰＰバンド・ppバンド・ｐｐバンド
プラスチック製容器包装,梱包用発泡スチロール,汚れの落とせないものは「燃やせないごみ」　※袋に入る程度に砕く,こんぽうようはっぽうすちろーる
燃やせないごみ,鎖,,くさり
燃やせないごみ,座椅子（骨組みが金属製）,長さ1m・幅50cm・奥行き50cm・重さ10kg以下のもの,ざいす（ほねぐみがきんぞくせい）
燃やせないごみ,裁縫箱（プラ製）,,さいほうばこ（ぷらせい）
燃やせるごみ,裁縫箱（木製）,,さいほうばこ（もくせい）
月1回収集の燃やせるごみ,財布,,さいふ
月1回収集の燃やせるごみ,作業服,ふれあいセンター等に設置してある、古着・古布BOXでのリサイクルにご協力ください,さぎょうふく
びん・缶,殺虫剤のスプレー缶,中身を使い切り、風通しの良い屋外で必ず穴をあけて出す,さっちゅうざいのすぷれーかん
プラスチック製容器包装,殺虫剤の容器（プラ製）,燻煙、霧タイプのものは「燃やせないごみ」,さっちゅうざいのようき（ぷらせい）
月1回収集の燃やせるごみ,雑巾,汚れたものは「月・水・金の燃やせるごみ」,ぞうきん
古紙（雑誌・雑がみ）,雑誌,週刊誌、辞典、辞書、カタログ、マンガ本、参考書、問題集、ノートなど　※資源ごみ拠点回収施設にも出せます　https://www.city.ube.yamaguchi.jp/koukyouannai/shisetsu_kurashi/shisetsu_gomi/1009983/index.html,ざっし（きょうかしょ、ぶんこぼん、しゃしんしゅうなど）・漫画・マンガ・タウンページ・たうんぺーじ
紙製容器包装,皿（紙容器リサイクルマークがあるもの）,資源ごみ拠点回収施設にも出せます　https://www.city.ube.yamaguchi.jp/koukyouannai/shisetsu_kurashi/shisetsu_gomi/1009983/index.html　※汚れの落とせないものは「月・水・金の燃やせるごみ」,さら（かみようきりさいくるまーくがあるもの）・お皿
プラスチック製容器包装,皿（プラ製で商品が入っていたもの）,汚れの落とせないものは「月・水・金の燃やせるごみ」,さら（ぷらせいでしょうひんがはいっていたもの）・お皿
燃やせるごみ,皿（紙製で商品が入っていなかったもの）,撥水加工され、リサイクルできないため,さら（かみせいでしょうひんがはいっていなかったもの）・お皿
燃やせないごみ,皿（陶器製・プラ製・金属製）,割れたものは、危険防止のため缶等に入れて出す,さら（とうきせい・ぷらせい・きんぞくせい）・お皿
燃やせないごみ,三輪車（幼児用）,長さ1m・幅50cm・奥行き50cm・重さ10kg以下のもの　※きれいなものは、市役所や福祉会館等に設置している回収ボックスもご利用いただけます　https://www.city.ube.yamaguchi.jp/kurashi/gomi/genryou_recycle/1002098/1014050/index.html,さんりんしゃ（ようじよう）
古紙（雑誌・雑がみ）,参考書,資源ごみ拠点回収施設にも出せます　https://www.city.ube.yamaguchi.jp/koukyouannai/shisetsu_kurashi/shisetsu_gomi/1009983/index.html,さんこうしょ
燃やせるごみ,残飯,水分をよく切って出す,ざんぱん
燃やせないごみ,使い捨てカイロ,使用済みに限る,つかいすてかいろ
燃やせるごみ,枝・木,長さ1m・直径50cm以下の束で、2束(袋)まで　※幹の太さは直径10cm以下に限る,えだ・き・木の枝・きのえだ・木材・もくざい・木くず・きくず
燃やせるごみ,糸,,いと
燃やせるごみ,紙くず（紙製容器包装以外）,,かみくず（かみせいようきほうそういがい）
燃やせるごみ,紙コップ,防水加工され、リサイクルできないため,かみこっぷ
燃やせるごみ,紙ねんど,,かみねんど
紙製容器包装,紙パック,洗って切り開く　※スーパーなどの店頭回収にご協力ください　※資源ごみ拠点回収施設にも出せます　https://www.city.ube.yamaguchi.jp/koukyouannai/shisetsu_kurashi/shisetsu_gomi/1009983/index.html,かみぱっく
紙製容器包装,紙袋（商品が入れてあったもの）,紙容器マークのないものは「古紙(雑誌・雑がみ)」　※資源ごみ拠点回収施設にも出せます　https://www.city.ube.yamaguchi.jp/koukyouannai/shisetsu_kurashi/shisetsu_gomi/1009983/index.html,かみぶくろ（しょうひんがいれてあったもの）
燃やせないごみ,歯ブラシ,,はぶらし・歯ぶらし
燃やせるごみ,歯磨き粉のチューブ,中身が完全に除去できれば「プラスチック製容器包装」　※金属製は「燃やせないごみ」,はみがきこのちゅーぶ
燃やせないごみ,時計,電池は抜いて出す,とけい
燃やせないごみ,磁石,,じしゃく
ステーションに出せません,自転車,リサイクルプラザへ直接搬入するか、市または許可業者に収集を依頼する　※長さ1m・幅50cm・奥行50cm・重さ10kg以下のものは「燃やせないごみ」,じてんしゃ・チャリ
燃やせないごみ,自転車・バイクのカバー,長さ1m×50cm以下にたたむ,じてんしゃ・ばいくのかばー
市では処理できません,自動車・バイクの部品,販売店又は製造業者に相談,じどうしゃ・ばいくのぶひん
古紙（雑誌・雑がみ）,辞書・辞典・図鑑,ビニールカバーは「燃やせないごみ」　※資源ごみ拠点回収施設にも出せます　https://www.city.ube.yamaguchi.jp/koukyouannai/shisetsu_kurashi/shisetsu_gomi/1009983/index.html,じしょ・じてん・ずかん
燃やせるごみ,湿布薬,フィルムは「燃やせないごみ」,しっぷやく
燃やせるごみ,写真(写真用紙、インクジェット紙),リサイクルに適さないため,しゃしん(しゃしんようし、いんくじぇっとし)
燃やせないごみ,写真のフィルム・ネガ,,しゃしんのふぃるむ・ねが
古紙（雑誌・雑がみ）,写真集,資源ごみ拠点回収施設にも出せます　https://www.city.ube.yamaguchi.jp/koukyouannai/shisetsu_kurashi/shisetsu_gomi/1009983/index.html,しゃしんしゅう
燃やせないごみ,写真立て（プラ・金属製）,,しゃしんたて（ぷら・きんぞくせい）
燃やせるごみ,写真立て（木製）,ガラスやアクリル板は「燃やせないごみ」,しゃしんたて（もくせい）
燃やせないごみ,手鏡,,てかがみ
月1回収集の燃やせるごみ,手袋,汚れたものは「月・水・金の燃やせるごみ」,てぶくろ
古紙（雑誌・雑がみ）,手帳,金属・ビニールなど、紙以外のものは取り除く　※資源ごみ拠点回収施設にも出せます　https://www.city.ube.yamaguchi.jp/koukyouannai/shisetsu_kurashi/shisetsu_gomi/1009983/index.html,てちょう・スケジュール帳
紙製容器包装,酒のパック（内側が銀色で紙製のもの）,切り開き、洗って乾かす　※資源ごみ拠点回収施設にも出せます　https://www.city.ube.yamaguchi.jp/koukyouannai/shisetsu_kurashi/shisetsu_gomi/1009983/index.html,さけぱっく（うちがわがぎんいろでかみせいのもの）
古紙（雑誌・雑がみ）,週刊誌・月刊誌,資源ごみ拠点回収施設にも出せます　https://www.city.ube.yamaguchi.jp/koukyouannai/shisetsu_kurashi/shisetsu_gomi/1009983/index.html,しゅうかんし・げっかんし
燃やせないごみ,充電器,ふれあいセンター等に設置してある、小型家電回収BOXでのリサイクルにご協力ください,じゅうでんき
燃やせないごみ,充電式湯たんぽ,本体・電源コードは「燃やせないごみ」　※保温袋は「月1回収集の燃やせるごみ」　※保温袋内の弱塩化ナトリウム水溶液は入ったままでもよい,じゅうでんしきゆたんぽ
ステーションに出せません,充電式電池※リサイクルマークを確認,発火防止のため1個ずつ必ずテープで絶縁し、ふれあいセンター等に設置してある「リサイクルBOX」に入れてください,じゅうでんしきでんち・ニカド電池・ニッケル水素でんち・リチウムイオン電池
燃やせるごみ,除湿シート,布団用は「月1回収集の燃やせるごみ」,じょしつしーと
燃やせないごみ,除湿機,長さ1m・幅50cm・奥行き50cm・重さ10kg以下のもの,じょしつき
燃やせるごみ,除湿剤（ゼリー状のもの）,,じょしつざい（ぜりーじょうのもの）・水とりぞうさん・みずとりぞうさん
プラスチック製容器包装,除湿剤の容器,中の水などを取り出す　※汚れたものは「月・水・金の燃やせるごみ」,じょしつざいのようき・水とりぞうさん・みずとりぞうさん
燃やせないごみ,将棋の駒（プラ製）,,しょうぎのこま（ぷらせい）
燃やせるごみ,将棋の駒（木製）,,しょうぎのこま（もくせい）
燃やせるごみ,消しゴム,,けしごむ
市では処理できません,消火器(エアゾール式以外),国内メーカーが製造した消火器は、特定窓口または指定引き取り場所へ直接搬入してください　※リサイクル窓口等の検索はこちら　https://www.ferpc.jp,しょうかき(えあぞーるしきいがい)
プラスチック製容器包装,消臭剤の容器,汚れの落とせないものは「月・水・金の燃やせるごみ」　※プラマークのないものは「燃やせないごみ」,しょうしゅうざいのようき（ぷらせい）
燃やせないごみ,焼き物（陶磁器類）,細かく割れたものは、袋を別にするなど安全な状態にして出す,やきもの（とうじきるい）
燃やせないごみ,焼肉用金網,,やきにくようかなあみ
燃やせないごみ,照明器具,長さ1m・幅50cm・奥行き50cm・重さ10kg以下のもの,しょうめいきぐ
燃やせないごみ,浄水器(カートリッジ含む),,じょうすいき(かーとりっじふくむ)
ステーションに出せません,畳,市の処理施設へ直接搬入するか、市または許可業者に収集を依頼する,たたみ
燃やせないごみ,蒸し器,,むしき
燃やせないごみ,植木鉢,,うえきばち
燃やせないごみ,食器乾燥機・食器洗い機,長さ1m・幅50cm・奥行き50cm・重さ10kg以下のもの,しょっきかんそうき・しょっきあらいき
ステーションに出せません,食器棚,市の処理施設へ直接搬入するか、市または許可業者に収集を依頼する,しょっきだな
燃やせないごみ,食器類（ガラス製・陶磁器製・金属製・プラ製）,割れたものは、危険防止のため缶等に入れて出す,しょっきるい（がらすせい・とうじきせい・きんぞくせい・ぷらせい）・割れた食器
燃やせるごみ,食器類（紙・木製）,,しょっきるい（かみ・もくせい）
プラスチック製容器包装,食品トレー,スーパーなどの店頭回収にご協力ください,しょくひんとれー・しょくひんとれい・食品トレイ
燃やせるごみ,食用油,凝固剤で固めるか、布や紙に染み込ませる　※店頭回収にもご協力ください　https://www.city.ube.yamaguchi.jp/kurashi/gomi/genryou_recycle/1002098/1002104.html,しょくようあぶら
燃やせるごみ,食用油のボトル,中身が完全に除去できれば「プラスチック製容器包装」,しょくようあぶらのぼとる
月1回収集の燃やせるごみ,寝袋,,ねぶくろ
古紙（新聞）,新聞紙,資源ごみ拠点回収施設にも出せます　https://www.city.ube.yamaguchi.jp/koukyouannai/shisetsu_kurashi/shisetsu_gomi/1009983/index.html,しんぶんし
燃やせるごみ,芯（トイレットペーパー、ラップなど）,リサイクルに適さないため,しん（といれっとぺーぱー、らっぷなど）
燃やせないごみ,針,危険防止のため、缶等に入れて出す,はり・釣針・釣り針・つりばり
燃やせないごみ,針金,,はりがね
燃やせないごみ,人形(金属製・プラ製・ビニール製）,長さ1m・幅50cm・奥行き50cm・重さ10kg以下のもの,にんぎょう（きんぞくせい・ぷらせい・びにーるせい）
燃やせるごみ,人形（木製）,直径10cm・長さ1m以下のもの,にんぎょう（もくせい）
燃やせないごみ,人工芝,,じんこうしば
燃やせないごみ,刃物,危険防止のため、刃の部分をテープで覆う,はもの
燃やせるごみ,水切りネット,ネットの中の生ごみは、水分をよく切る,みずきりねっと
燃やせないごみ,水槽,長さ1m・幅50cm・奥行き50cm・重さ10kg以下のもの,すいそう
燃やせないごみ,水筒,,すいとう
燃やせないごみ,炊飯器,,すいはんき
燃やせるごみ,生理用品,,せいりようひん
燃やせないごみ,精米機,長さ1m・幅50cm・奥行き50cm・重さ10kg以下のもの,せいまいき
ステーションに出せません,石・砥石,東見初埋立地へ直接搬入するか、市または許可業者に収集を依頼する,いし・といし
ステーションに出せません,石うす,東見初埋立地へ直接搬入するか、市または許可業者に収集を依頼する,いしうす
燃やせるごみ,石鹸,,せっけん
燃やせないごみ,石油ストーブ,残った灯油は必ず抜き、電池は取り除く,せきゆすとーぶ
燃やせないごみ,石油ファンヒーター,残った灯油は必ず抜き、電池は取り除く,せきゆふぁんひーたー
古紙（新聞）,折込チラシ・折込広告,資源ごみ拠点回収施設にも出せます　https://www.city.ube.yamaguchi.jp/koukyouannai/shisetsu_kurashi/shisetsu_gomi/1009983/index.html,おりこみちらし・おりこみこうこく
古紙（雑誌・雑がみ）,説明書,資源ごみ拠点回収施設にも出せます　https://www.city.ube.yamaguchi.jp/koukyouannai/shisetsu_kurashi/shisetsu_gomi/1009983/index.html,せつめいしょ
燃やせないごみ,扇風機,,せんぷうき
プラスチック製容器包装,栓（プラ製）,商品の入っていた容器のふた,せん（ぷらせい）
燃やせないごみ,栓（金属製）,,せん（きんぞくせい）
燃やせないごみ,栓抜き,,せんぬき
プラスチック製容器包装,洗剤の容器（プラ製）,ポンプも一緒に出せます　※計量スプーンは「燃やせないごみ」,せんざいのようき（ぷらせい）・洗剤容器(プラスチック製)
紙製容器包装,洗剤の容器（紙製）,計量スプーンは「燃やせないごみ」　※資源ごみ拠点回収施設にも出せます　https://www.city.ube.yamaguchi.jp/koukyouannai/shisetsu_kurashi/shisetsu_gomi/1009983/index.html,せんざいのようき（かみせい）・洗剤容器(紙製)
月1回収集の燃やせるごみ,洗濯ネット,,せんたくねっと
燃やせないごみ,洗濯バサミ,,せんたくばさみ・洗濯ばさみ
家電リサイクル法対象品,洗濯機　,買い替え時に各小売店に引き取ってもらうか市のリサイクルプラザまたはメーカー指定引取場所（山口市等）へ直接搬入（有料）してください　※必ずリサイクル料金が必要です　※詳しくは、家電リサイクル法をご覧ください　http://www.city.ube.yamaguchi.jp/kurashi/gomi/dashikata/kaden_recycle.html,せんたくき 
燃やせないごみ,洗面器,,せんめんき
ステーションに出せません,粗大ごみ,長さ1m・幅50cm・奥行き50cm・重さ10kgを超えるもの　※市の処理施設へ直接搬入するか、市または許可業者に収集を依頼する,そだいごみ・粗大ゴミ
燃やせないごみ,双眼鏡・望遠鏡,長さ1m・幅50cm・奥行き50cm・重さ10kg以下のもの,そうがんきょう・ぼうえんきょう
燃やせないごみ,掃除機,,そうじき
燃やせるごみ,草・葉,一度に2袋まで　※多量の場合は市の焼却場へ直接搬入するか、市または許可業者に収集を依頼する,くさ・は・雑草・ざっそう・植物・しょくぶつ・花・はな
ステーションに出せません,草刈り機（刈払機）,リサイクルプラザへ直接搬入するか、市または許可業者に収集を依頼する,くさかりき（かりはらいき）
燃やせないごみ,造花,,ぞうか
月1回収集の燃やせるごみ,足ふきマット,リサイクル推進のため、ふれあいセンター等のボックス回収にご協力ください,あしふきまっと
危険ごみ,体温計（水銀使用のもの）,,たいおんけい（すいぎんしようのもの）
燃やせないごみ,体温計（電子）,水銀を使用したものは「危険ごみ」,たいおんけい（でんし）
燃やせないごみ,体重計,電池は抜いて出す,たいじゅうけい
燃やせるごみ,脱脂綿（コットン）,,だっしめん（こっとん）
プラスチック製容器包装,脱臭剤の容器（プラ製）,汚れの落とせないものは「月・水・金の燃やせるごみ」,だっしゅうざいのようき（ぷらすちっくせい）
古紙（雑誌・雑がみ）,単行本,資源ごみ拠点回収施設にも出せます　https://www.city.ube.yamaguchi.jp/koukyouannai/shisetsu_kurashi/shisetsu_gomi/1009983/index.html,たんこうぼん
燃やせないごみ,炭（使用済み）,水で湿らせ、丈夫な袋に入れて「灰」と書く　※未使用のものは水で湿らせ、「月・水・金の燃やせるごみ」,すみ（しようずみ）
燃やせないごみ,断熱シート,長さ1m・直径50cm以下に丸め、ひもでしばる,だんねつしーと
古紙（段ボール）,段ボール,広げて金具を取り外し、ひもでしばって出す　※資源ごみ拠点回収施設にも出せます　https://www.city.ube.yamaguchi.jp/koukyouannai/shisetsu_kurashi/shisetsu_gomi/1009983/index.html,だんぼーる・ダンボール
燃やせないごみ,地球儀,,ちきゅうぎ
燃やせるごみ,茶がら,水分をよく切って出す,ちゃがら
燃やせないごみ,茶わん,木製は「月・水・金の燃やせるごみ」　※割れたものは、危険防止のため缶等に入れて出す,ちゃわん・茶碗
月1回収集の燃やせるごみ,着物,ふれあいセンター等に設置してある、古着・古布BOXでのリサイクルにご協力ください,きもの
市では処理できません,注射器・注射針,受け取った医療機関や薬局に返却する,ちゅうしゃき・ちゅうしゃばり
燃やせないごみ,虫かご,,むしかご
燃やせないごみ,虫めがね,,むしめがね
燃やせるごみ,調味料の容器（プラ製・ビニール製）,洗って中身が完全に除去できれば、「プラスチック製容器包装」,ちょうみりょうのようき（ぷらせい・びにーるせい）
月1回収集の燃やせるごみ,長靴,,ながぐつ
燃やせないごみ,釣り竿,長さ1m以下のもの,つりざお・釣竿
プラスチック製容器包装,釣り竿のケース(プラ製),プラマークのないものは「燃やせないごみ」,つりざおのけーす(ぷらせい)
燃やせるごみ,釣り糸,束ねて出す,つりいと・釣糸
燃やせないごみ,定規（プラ製）,,じょうぎ（ぷらすちっくせい）
燃やせるごみ,定規(木製）,,じょうぎ（もくせい）
燃やせないごみ,釘,危険防止のため、缶等に入れて出す,くぎ
燃やせないごみ,天体望遠鏡,長さ1m・幅50cm・奥行き50cm・重さ10kg以下のもの,てんたいぼうえんきょう
月1回収集の燃やせるごみ,電気カーペット,長さ1m・幅50cm以下に丸め、ひもでしばる　※コードと調節器具は、切り取って「燃やせないごみ」,でんきかーぺっと
燃やせないごみ,電気カミソリ,ふれあいセンター等に設置してある、小型家電回収BOXでのリサイクルにご協力ください,でんきかみそり
燃やせないごみ,電気スタンド,,でんきすたんど
燃やせないごみ,電気ストーブ　,,でんきすとーぶ
市では処理できません,電気温水器,販売店又は製造業者に相談,でんきおんすいき
月1回収集の燃やせるごみ,電気毛布　,長さ1m・幅50cm以下に丸め、ひもでしばる　※コードと調節器具は、切り取って「燃やせないごみ」,でんきもうふ
燃やせないごみ,電球,蛍光灯、蛍光管は「危険ごみ」,でんきゅう
ステーションに出せません,電子オルガン・電子ピアノ,リサイクルプラザへ直接搬入するか、市または許可業者に収集を依頼する　※長さ1m・幅50cm・奥行50cm・重さ10kg以下のものは「燃やせないごみ」,でんしおるがん・でんしぴあの
燃やせないごみ,電子レンジ,長さ1m・幅50cm・奥行き50cm・重さ10kg以下のもの,でんしれんじ
燃やせないごみ,電子体温計,ふれあいセンター等に設置してある、小型家電回収BOXでのリサイクルにご協力ください,でんしたいおんけい
燃やせないごみ,電卓,ふれあいセンター等に設置してある、小型家電回収BOXでのリサイクルにご協力ください,でんたく
市では処理できません,電動ベッド,販売店又は製造業者に相談,でんどうべっど
ステーションに出せません,電動自転車,リサイクルプラザへ直接搬入するか、市または許可業者に収集を依頼する　※バッテリーは取り外し、自転車店などの回収協力店へ持ち込む,でんどうじてんしゃ
ステーションに出せません,電動車いす,リサイクルプラザへ直接搬入するか、市または許可業者に収集を依頼する　※長さ1m・幅50cm・奥行50cm・重さ10kg以下のものは「燃やせないごみ」,でんどうくるまいす
燃やせないごみ,電話機,ふれあいセンター等に設置してある、小型家電回収BOXでのリサイクルにご協力ください,でんわき
燃やせるごみ,塗り薬のチューブ（プラ製）,中身が完全に除去できれば「プラスチック製容器包装」,ぬりぐすりのちゅーぶ（ぷらせい）
燃やせないごみ,塗り薬のチューブ（金属製）,中身は使い切る又は取り除く,ぬりぐすりのちゅーぶ（きんぞくせい）
燃やせないごみ,塗料缶,中身が完全にないもので、長辺が20cm以内であれば「びん・缶」,とりょうかん
びん・缶,塗料缶(スプレータイプ),中身を使い切り、風通しの良い屋外で必ず穴をあけて出す,とりょうかん
ステーションに出せません,土・砂,草などを取り除き、埋め立て地へ直接搬入するか、市または許可業者に収集を依頼する,つち・すな
燃やせないごみ,土なべ,,どなべ・土鍋
燃やせないごみ,土のう袋,中の土砂は埋め立て地へ,どのうぶくろ・土嚢袋
ステーションに出せません,土砂,草などを取り除き、埋め立て地へ直接搬入するか、市または許可業者に収集を依頼する,どしゃ
燃やせないごみ,湯のみ,割れたものは危険防止のため缶等に入れて出す,ゆのみ
燃やせないごみ,湯沸かし器,長さ1m・幅50cm・奥行き50cm・重さ10kg以下のもの,ゆわかしき
市では処理できません,灯油,販売店又は製造業者に相談,とうゆ
燃やせないごみ,灯油ポンプ,電池は抜いて出す,とうゆぽんぷ
燃やせないごみ,灯油缶,中身は使い切る又は取り除く,とうゆかん
燃やせないごみ,陶磁器,割れたものは、危険防止のため缶等に入れて出す,とうじき
燃やせるごみ,鍋焼きうどんなどのアルミ箔容器,,なべやきうどんなどのあるみはくようき
燃やせないごみ,乳母車,長さ1m・幅50cm・奥行き50cm・重さ10kg以下のもの,うばぐるま
燃やせないごみ,入れ歯,,いれば・入歯
紙製容器包装,納豆の容器（紙製）,資源ごみ拠点回収施設にも出せます　https://www.city.ube.yamaguchi.jp/koukyouannai/shisetsu_kurashi/shisetsu_gomi/1009983/index.html　※汚れの落とせないものは「月・水・金の燃やせるごみ」,なっとうのようき（かみせい）
プラスチック製容器包装,納豆の容器（発泡スチロール製）,汚れの落とせないものは「月・水・金の燃やせるごみ」,なっとうのようき（はっぽうすちろーるせい）
市では処理できません,農薬,販売店又は製造業者に相談,のうやく
市では処理できません,農薬のびん,家庭菜園で使用したものは「びん・缶」　※中身は使い切る又は取り除く,のうやくのびん・農薬のビン・農薬の瓶
燃やせないごみ,波板（プラ製）,一度に2束（袋）まで　※長さ1m・直径50cm・重さ10ｋｇ以下に丸め、ひもでしばる,なみいた（ぷらせい）
燃やせないごみ,梅酒・梅干しなどのガラス容器,ふたも一緒でよい,うめしゅ・うめぼしなどのがらすようき
ステーションに出せません,発煙筒,湿らせて市のリサイクルプラザへ直接持ち込む,はつえんとう
市では処理できません,発電機,販売店又は製造業者に相談,はつでんき
燃やせないごみ,発泡スチロール（容器包装以外）,袋に入る程度に砕く,はっぽうすちろーる（ようきほうそういがい）
プラスチック製容器包装,発泡スチロール製の梱包材や商品の箱,汚れの落とせないものは「燃やせないごみ」　※袋に入る程度に砕く,はっぽうすちろーるせいのこんぽうざいやしょうひんのはこ
燃やせるごみ,板切れ,長さ1m・幅50cm以下の束で、2束(2袋)まで,いたきれ
市では処理できません,肥料袋（農業用）,販売店や専門の処理業者へ相談する,ひりょうのびにーるぶくろ（のうぎょうよう）
プラスチック製容器包装,肥料袋※プラマークがあるもの,汚れの落とせないものは「月・水・金の燃やせるごみ」,ひりょうぶくろ※ぷらまーくがあるもの
燃やせないごみ,肥料袋※プラマークがないもの,,ひりょうぶくろ※ぷらまーくがないもの
燃やせないごみ,筆(プラ製),,ふで（ぷらせい）
燃やせるごみ,筆(木製),,ふで（もくせい）
燃やせないごみ,筆箱（金属・プラ製）,,ふでばこ(きんぞく・ぷらせい)・筆入れ
古紙（雑誌・雑がみ）,百科辞典,資源ごみ拠点回収施設にも出せます　https://www.city.ube.yamaguchi.jp/koukyouannai/shisetsu_kurashi/shisetsu_gomi/1009983/index.html,ひゃっかじてん
燃やせないごみ,浮き輪,空気を抜いてつぶす,うきわ・浮輪
古紙（雑誌・雑がみ）,封筒・手紙・ハガキ,窓付き封筒のフィルム、圧着はがきは「月・水・金の燃やせるごみ」　※資源ごみ拠点回収施設にも出せます　https://www.city.ube.yamaguchi.jp/koukyouannai/shisetsu_kurashi/shisetsu_gomi/1009983/index.html,ふうとう・てがみ・はがき・葉書
燃やせないごみ,風呂のふた（プラスチック製）,ジャバラ状のものは、ひもでしばる,ふろのふた（ぷらすちっくせい）
燃やせるごみ,風呂のふた（木製）,ジャバラ状のものは、ひもでしばる,ふろのふた（もくせい）
月1回収集の燃やせるごみ,服・衣服,ふれあいセンター等に設置してある、古着・古布BOXでのリサイクルにご協力ください,ふく・いふく
ステーションに出せません,物干しのコンクリート土台,埋め立て地へ直接搬入するか、市または許可業者に収集を依頼する　※プラ製は「燃やせないごみ」,ものほしのこんくりーとどだい
燃やせないごみ,物干し竿・物干しスタンド,長さ1m・幅50cm・奥行き50cm・重さ10kg以下のもの,ものほしざお・ものほしすたんど
古紙（雑誌・雑がみ）,文庫本,資源ごみ拠点回収施設にも出せます　https://www.city.ube.yamaguchi.jp/koukyouannai/shisetsu_kurashi/shisetsu_gomi/1009983/index.html,ぶんこぼん
燃やせないごみ,文鎮,,ぶんちん
燃やせないごみ,文房具（金属製・プラスチック製）,,ぶんぼうぐ（きんぞくせい・ぷらすちっくせい）
燃やせるごみ,文房具（木製）,,ぶんぼうぐ（もくせい）
燃やせないごみ,米びつ,長さ1m・幅50cm・奥行き50cm・重さ10kg以下のもの,こめびつ
プラスチック製容器包装,米袋（ビニール製）,,こめぶくろ（びにーるせい）
燃やせるごみ,米袋（紙製）,防湿加工されているため,こめぶくろ（かみせい）
古紙（雑誌・雑がみ）,便せん,資源ごみ拠点回収施設にも出せます　https://www.city.ube.yamaguchi.jp/koukyouannai/shisetsu_kurashi/shisetsu_gomi/1009983/index.html,びんせん
ステーションに出せません,便器（陶器製）,埋め立て地へ直接搬入するか、市または許可業者に収集を依頼する,べんき（とうきせい）
燃やせないごみ,弁当箱（金属製・プラ製）,,べんとうばこ（きんぞくせい・ぷらせい）
燃やせるごみ,弁当箱（木製）,,べんとうばこ（もくせい）
燃やせないごみ,保湿シート(アルミ発泡シート),,ほしつしーと(あるみはっぽうしーと)
月1回収集の燃やせるごみ,保冷バッグ,,ほれいばっぐ・保冷バック・ほれいばっく
燃やせるごみ,保冷剤,ハードケース・ソフトケースも同様,ほれいざい
プラスチック製容器包装,包装フィルム（商品を包んであったもの）,汚れの落とせないものは「月・水・金の燃やせるごみ」,ほうそうふぃるむ（しょうひんをつつんであったもの）
紙製容器包装,包装紙（紙容器マークのあるもの）,紙容器マークのないものは「古紙(雑誌・雑がみ)」　※資源ごみ拠点回収施設にも出せます　https://www.city.ube.yamaguchi.jp/koukyouannai/shisetsu_kurashi/shisetsu_gomi/1009983/index.html,ほうそうし（かみようきまーくのあるもの）
燃やせるごみ,包帯,,ほうたい
燃やせないごみ,包丁・ナイフ,危険防止のため、刃の部分をテープで覆う,ほうちょう・ないふ
燃やせないごみ,縫い針,危険防止のため、缶等に入れて出す,ぬいばり
プラスチック製容器包装,芳香剤の容器（プラ製）,,ほうこうざいのようき（ぷらせい）
月1回収集の燃やせるごみ,帽子,,ぼうし
燃やせないごみ,望遠鏡・双眼鏡,長さ1m・重さ10kg以下のもの,ぼうえんきょう・そうがんきょう
燃やせるごみ,防虫剤（衣類用）,外側のプラスチックカバーは「プラスチック製容器包装」,ぼうちゅうざい（いるいよう）
市では処理できません,防腐剤,販売店又は製造業者に相談,ぼうふざい
古紙（雑誌・雑がみ）,本,ビニールカバーは「燃やせないごみ」　※資源ごみ拠点回収施設にも出せます　https://www.city.ube.yamaguchi.jp/koukyouannai/shisetsu_kurashi/shisetsu_gomi/1009983/index.html,ほん
ステーションに出せません,本棚（金属製）,リサイクルプラザへ直接搬入するか、市または許可業者に収集を依頼する　※長さ1m・幅50cm・奥行50cm・重さ10kg以下のものは「燃やせないごみ」,ほんだな（きんぞくせい）・マガジンラック
ステーションに出せません,本棚（木製）,市の焼却場へ直接搬入するか、市または許可業者に収集を依頼する　※長さ1m・幅50cm・奥行50cm・重さ10kg以下のものは「月・水・金の燃やせるごみ」,ほんだな（もくせい）・マガジンラック
燃やせないごみ,魔法びん,,まほうびん・魔法瓶
燃やせるごみ,綿棒,,めんぼう
月1回収集の燃やせるごみ,毛糸,,けいと
月1回収集の燃やせるごみ,毛布,長さ1m・直径50cm以下に丸め、ひもでしばる,もうふ
燃やせないごみ,網（園芸用ネット）,長さ1m×50cm程度に切り、ひもでしばる,あみ（えんげいようねっと）
ステーションに出せません,網戸,リサイクルプラザへ直接搬入するか、市または許可業者に収集を依頼する,あみど
燃やせないごみ,網戸の網,長さ1m×50cm以下にたたむ,あみどのあみ
燃やせないごみ,木炭（使用済み）,水で湿らせ、丈夫な袋に入れて「灰」と書く　※未使用のものは水で湿らせ、「月・水・金の燃やせるごみ」,もくたん（しようずみ）
燃やせないごみ,餅つき機,長さ1m・幅50cm・奥行き50cm・重さ10kg以下のもの,もちつきき
古紙（雑誌・雑がみ）,問題集,資源ごみ拠点回収施設にも出せます　https://www.city.ube.yamaguchi.jp/koukyouannai/shisetsu_kurashi/shisetsu_gomi/1009983/index.html,もんだいしゅう
月1回収集の燃やせるごみ,野球のシューズ,金属製のスパイク部分は、取り外して「燃やせないごみ」,やきゅうのしゅーず・スパイク・すぱいく
月1回収集の燃やせるごみ,野球のボール（硬球・軟球）,,やきゅうのぼーる（こうきゅう・なんきゅう）・野球ボール・やきゅうぼーる
燃やせるごみ,薬（家庭用医薬品）,,くすり（かていよういやくひん）
びん・缶,薬のびん,中をすすいで出す,くすりのびん・薬の瓶・薬のビン
紙製容器包装,薬の紙箱・紙袋,紙容器マークのないものは「古紙(雑誌・雑がみ)」　※資源ごみ拠点回収施設にも出せます　https://www.city.ube.yamaguchi.jp/koukyouannai/shisetsu_kurashi/shisetsu_gomi/1009983/index.html,くすりのかみばこ・かみぶくろ
プラスチック製容器包装,薬の錠剤のシート（PTPシート）,プラマークのないものは「燃やせないごみ」,くすりのじょうざいのしーと（ぴーてぃーぴーしーと）
プラスチック製容器包装,薬の容器（プラ・ビニール製）,プラマークのないものは「燃やせないごみ」,くすりのようき（ぷら・びにーるせい）
燃やせるごみ,薬品（家庭用医薬品）,容器はそれぞれの分別区分に応じて出す,やくひん（かていよういやくひん）
市では処理できません,薬品（家庭用でないもの）,販売店又は製造業者に相談,やくひん（かていようでないもの）
燃やせるごみ,油(食用油）・廃食油,凝固剤で固めるか、布や紙に染み込ませる　※店頭回収にもご協力ください　https://www.city.ube.yamaguchi.jp/kurashi/gomi/genryou_recycle/1002098/1002104.html,あぶら（しょくようあぶら）・はいしょくゆ・サラダ油・さらだあぶら
燃やせるごみ,油のボトル,中身が完全に除去できれば「プラスチック製容器包装」,あぶらのぼとる
びん・缶,油の缶(食用油),中をすすいで出す　※長辺が20cmを超えるものは「燃やせないごみ」,あぶらのかん(しょくようあぶら)
燃やせないごみ,油の缶(食用油以外),中身は使い切る又は取り除く,あぶらのかん(しょくようあぶらいがい)
燃やせるごみ,油紙,,あぶらがみ
燃やせないごみ,郵便受け,,ゆうびんうけ
燃やせるごみ,落ち葉,一度に2袋まで　※多量の場合は市の焼却場へ直接搬入するか、市または許可業者に収集を依頼する,おちば・枯葉・枯れ葉・かれは
燃やせるごみ,輪ゴム,,わごむ
ステーションに出せません,冷蔵庫・冷凍庫,買い替え時に各小売店に引き取ってもらうか市のリサイクルプラザまたはメーカー指定引取場所（山口市等）へ直接搬入（有料）してください　※必ずリサイクル料金が必要です　※詳しくは、家電リサイクル法をご覧ください　http://www.city.ube.yamaguchi.jp/kurashi/gomi/dashikata/kaden_recycle.html,れいぞうこ・れいとうこ
燃やせないごみ,電子書籍端末,ふれあいセンター等に設置してある、小型家電回収BOXでのリサイクルにご協力ください,でんししょせきたんまつ・kindle・キンドル・Kobo・こぼ
燃やせないごみ,電子辞書,ふれあいセンター等に設置してある、小型家電回収BOXでのリサイクルにご協力ください,でんしじしょ
燃やせないごみ,デジタル歩数計,ふれあいセンター等に設置してある、小型家電回収BOXでのリサイクルにご協力ください,でじたるほすうけい・万歩計・まんぽけい
燃やせないごみ,歩行器（幼児用）,きれいなものは、市役所や福祉会館等に設置している回収ボックスもご利用いただけます　https://www.city.ube.yamaguchi.jp/kurashi/gomi/genryou_recycle/1002098/1014050/index.html,ほこうき（ようじよう）
燃やせないごみ,七輪,重さ10ｋｇ以下のもの,しちりん
燃やせないごみ,ラップの刃（紙製以外）,紙製のものは「月・水・金の燃やせるごみ」,らっぷのは（かみせいいがい）
月1回収集の燃やせるごみ,サッカーボール・フットサルボール,空気を抜いてつぶす,さっかーぼーる・ふっとさるぼーる
燃やせないごみ,プラスチック製品（容器包装以外）,,ぷらすちっくせいひん（ようきほうそういがい）・製品プラスチック・せいひんぷらすちっく
月1回収集の燃やせるごみ,サッカーシューズ,,さっかーしゅーず・スパイク・すぱいく
